label,text
normal,ржЖржорж╛рж░ ржХрж┐ ржХрж░рждрзЗ рж╣ржмрзЗ ржмрж▓рзЛред
promo,"ржирждрзБржи ржбрж┐рж▓рзЗ рж▓рзЗржнрзЗрж▓ржЖржк ржЗржирзНржЯрж╛рж░ржирзЗржЯрж┐ржВ рзирзлржЬрж┐ржмрж┐+рзкрзжрзжржорж┐@рз│рзйрзпрзн,рзйрзжржжрж┐ржи cutt.ly/oeeJSDbP"
normal,рж╢рзБржн рж▓ржХрзНрж╖рзНржорзА ржкрзВржЬрж╛!
promo,ржмржбрж╝ ржбрж┐рж╕ржХрж╛ржЙржирзНржЯ! рж╢рзАрждрзЗрж░ ржкрзЛрж╢рж╛ржХрзЗ рзйрзж% ржЫрж╛ржбрж╝ред ржЖржЬржЗ ржнрж┐ржЬрж┐ржЯ ржХрж░рзБржи ржЖржорж╛ржжрзЗрж░ рж╕рзНржЯрзЛрж░рзЗ!
normal,ржЖржЬ ржХрзЗржоржи рж▓рж╛ржЧржЫрзЗ рждрзЛржорж╛ржХрзЗ? ржарж┐ржХ ржЖржЫрж┐ред ржЖржкржирж╛рж░ ржХрзЗржоржи рж▓рж╛ржЧржЫрзЗ?
normal,"ржЖржЬ рждрзЛржорж╛рж░ ржХрж╛ржЫрзЗ ржЖрж╕рждрзЗ ржкрж╛рж░ржмрзЛ ржирж╛? рж╣рзНржпрж╛ржБ, ржЖржорж┐ ржПржЦрж╛ржирзЗ рж░ржпрж╝рзЗржЫрж┐ред ржЖржкржирж┐ ржХрж┐ ржЪрж╛ржи?"
smish,ржЖржкржирж╛рж░ ржирж╛ржорзНржмрж╛рж░ржЯрж┐ ржПржХржЯрж┐ ржмрж┐рж╢рзЗрж╖ ржЕржлрж╛рж░рзЗ ржирж┐рж░рзНржмрж╛ржЪрж┐ржд рж╣ржпрж╝рзЗржЫрзЗ! ржкрзБрж░рж╕рзНржХрж╛рж░ ржкрзЗрждрзЗ ржХрж▓ ржХрж░рзБржи +8801712233445
smish,"ржЗржЙрж░рзЛржкрзАржпрж╝ ржЪрзНржпрж╛ржорзНржкрж┐ржпрж╝ржирж╢рж┐ржкрзЗ ржмрж╛ржЬрж┐ ржзрж░рзБржи ржПржмржВ рзирзж,рзжрзжрзж ржЯрж╛ржХрж╛ ржХрзНржпрж╛рж╢ржмрзНржпрж╛ржХ ржЬрж┐рждрзБржиред ржпрзЛржЧ ржжрж┐ржи: smilesvoegol.servebbs.org/voegol.php"
promo,ржмрж┐ржХрж╛рж╢ ржЖрзНржпржк ржерзЗржХрзЗ ржирж╛ржУ рждрзЛржорж╛рж░ ржкржЫржирзНржжрзЗрж░ рж╕рзНржХрж┐ржЯрзЛ ржкрзНржпрж╛ржХрж╕ ржПржЦржиржЗ: cutt.ly/Zwcqh6YQ
promo,"ржкрзВрж░рзНржмрж╛ржЪрж▓ рзйрзжржиржВ рж╕рзЗржХрзНржЯрж░ рж╕ржВрж▓ржЧрзНржи ржнрж░рж╛ржЯ ржЪрж▓ржорж╛ржи ржкрзНрж▓ржЯ! ржХрж╛ржарж╛ рзз.рзмрж▓ржХрзНрж╖
01894841736"
normal,ржПржоржи ржХрж╛рж░рзЛ рж╕ржЩрзНржЧрзА рж╣рзЛржи ржпрзЗ ржЖржкржирж╛ржХрзЗ ржЖрж▓рзНрж▓рж╛рж╣рж░ ржХржерж╛ рж╕рзНржорж░ржг ржХрж░рж┐ржпрж╝рзЗ ржжрзЗржпрж╝ред тАУ [ржб. ржмрж┐рж▓рж╛рж▓ ржлрж┐рж▓рж┐ржкрзНрж╕]
promo,ржирждрзБржи ржЧрзНрж░рж╛рж╣ржХржжрзЗрж░ ржЬржирзНржп рж╕рзНржкрзЗрж╢рж╛рж▓ ржЕржлрж╛рж░! ржЖржорж╛ржжрзЗрж░ рж╕рж╛рж░рзНржнрж┐рж╕рзЗ рзйрзж% ржЫрж╛ржбрж╝ред
smish,"рзл,рзжрзжрзж ржЯрж╛ржХрж╛ ржмрж┐ржирж┐ржпрж╝рзЛржЧрзЗ рззрзл,рзжрзжрзж ржЯрж╛ржХрж╛ ржЕрж░рзНржЬржи ржХрж░рзБржи! ржХрж▓ ржХрж░рзБржи: +8801916677889"
promo,ржмрзЛржирж╛рж╕ рж╕рж╣ рззржЬрж┐ржмрж┐-рзйрзжржЯрж╛ржХрж╛-рзйржжрж┐ржиред ржбрж╛рзЯрж╛рж▓ *рззрзирзз*рзлрзирззрзл# ржмрж╛ https://mygp.li/mo
smish,ржЖржкржирж╛рж░ ржЕрзНржпрж╛ржХрж╛ржЙржирзНржЯрзЗ рж╕ржирзНржжрзЗрж╣ржЬржиржХ ржХрж╛рж░рзНржпржХрж▓рж╛ржк рж╣ржпрж╝рзЗржЫрзЗред рж▓ржЧржЗржи ржХрж░рзЗ ржпрж╛ржЪрж╛ржЗ ржХрж░рзБржи: [secureverify.com/VerifyBD]
promo,"Call duration 00:02:51, charged 3.6 Taka, remaining balance is   10.94  Taka"
smish,ржЖржкржирж╛рж░ ржмрзНржпрж╛ржВржХ ржЕрзНржпрж╛ржХрж╛ржЙржирзНржЯрзЗ ржЕржЬрж╛ржирж╛ рж▓рзЗржиржжрзЗржи рж╕ржирж╛ржХрзНржд ржХрж░рж╛ рж╣ржпрж╝рзЗржЫрзЗред ржмрж┐рж╕рзНрждрж╛рж░рж┐ржд ржЬрж╛ржирждрзЗ ржПржЦрж╛ржирзЗ ржХрзНрж▓рж┐ржХ ржХрж░рзБржи: http://bit.ly/UnknownTxn
smish,"тЮбя╕ПржЖржкржирж┐ ржХрж┐ ржЕржирж▓рж╛ржЗржирзЗ ржХрж╛ржЬ ржХрж░рждрзЗ ржЪрж╛ржи??..ржЖржорж╛ржжрзЗрж░ ржкрзНрж░ржЬрзЗржХрзНржЯрзЗрж░ ржирж╛ржо рж╣рж▓рзЛ:Forgsec. io
ЁЯЖУржЖржорж░рж╛ ржЯрзЗрж▓рж┐ржЧрзНрж░рж╛ржорзЗ рж▓рж╛ржЗржн ржХрзНрж▓рж╛рж╕рзЗрж░ ржорж╛ржзрзНржпржорзЗ ржлрзНрж░рж┐рждрзЗ рзз/рзиржЯрж╛ ржХрзНрж▓рж╛рж╕ ржХрж░рж┐рзЯрзЗ рж╕ржорзНржкрзБрж░рзНржи ржХрж╛ржЬ рж╢рж┐ржЦрж┐рзЯрзЗ ржжрж┐ржмтЬЕтЬЕ ЁЯФЬржЖржорж╛ржжрзЗрж░ рж╕рж╛ржЗржб ржП рж░рзЯрзЗржЫрзЗ' ржкрзНрж░рждрж┐ржжрж┐ржи ржЗржВржХрж╛ржо ржПржмржВ ржкрзНрж░рждрж┐ржорж╛рж╕рзЗ ржмрзЗрждржи ржПрж░ рж╕рзБ-ржмрзНржпрж╛ржмрж╕рзНржерж╛тШСя╕ПтШСя╕П
рж╕ржм ржХрж┐ржЫрзБ ржЬрзЗржирзЗ ржмрзБржЭрзЗ ржкрзНрж░ржорж╛ржи ржирж┐рзЯрзЗ ржХрж╛ржЬ ржХрж░ржмрзЗржи рззрзжрзж% рж░рж┐рзЯрзЗрж▓ ржХрж╛ржЬтЬЕ"
normal,"ржПржоржи ржжрзБтАЩржЯрж┐ ржирж┐рзЯрж╛ржоржд ржЖржЫрзЗ, ржпрзЗ ржжрзБтАЩржЯрзЛрждрзЗ ржЕржзрж┐ржХрж╛ржВрж╢ ржорж╛ржирзБрж╖ ржХрзНрж╖рждрж┐ржЧрзНрж░рж╕рзНрждред рждрж╛ рж╣ржЪрзНржЫрзЗ, рж╕рзБрж╕рзНржерждрж╛ ржЖрж░ ржЕржмрж╕рж░ред - [ржорзБрж╣рж╛ржорзНржорж╛ржж (рж╕рж╛)]"
normal,"ржЖрж╕ржХрзНрждрзЗрж░ ржорждрзЛ ржнрж╛рж▓ржмрж╛рж╕ржмрзЗржи ржирж╛, ржзрзНржмржВрж╕рж╛рждрзНржоржХржнрж╛ржмрзЗ ржХрж╛ржЙржХрзЗ ржШрзГржгрж╛ ржХрж░ржмрзЗржи ржирж╛ред - [ржЙржорж╛рж░ ржЗржмржирзБрж▓ ржЦрж╛рждрзНрждрж╛ржм ( рж░рж╛ржГ)]"
normal,"рж╕ржм ржХрж┐ржЫрзБ ржарж┐ржХ рж╣ржпрж╝рзЗ ржпрж╛ржмрзЗ, ржзрзИрж░рзНржп ржзрж░рзЛред"
normal,"рзжрззрзорзнрзйрзорзирзнрзйрзорзк ржПржЗ ржирж╛ржорзНржмрж╛рж░рзЗ ржХрж▓ ржХрж░рзБржи, ржЬрж░рзБрж░рж┐ред"
smish,рж╕рзЛржирж╛рж▓рзА ржмрзНржпрж╛ржВржХ ржЕрзНржпрж╛ржХрж╛ржЙржирзНржЯрзЗ рждрзНрж░рзБржЯрж┐ ржжрзЗржЦрж╛ ржжрж┐ржпрж╝рзЗржЫрзЗред ржЬрж░рзБрж░рж┐ ржнрж┐рждрзНрждрж┐рждрзЗ ржмрж┐рж╕рзНрждрж╛рж░рж┐ржд ржЬрж╛ржирждрзЗ ржПржЦрж╛ржирзЗ ржХрзНрж▓рж┐ржХ ржХрж░рзБржи: https://wa.me/8801819876543
normal,рждрзБржорж┐ ржХрж┐ рж╕ржорзБржжрзНрж░рзЗ ржпрж╛ржЪрзНржЫрзЛ?
promo,"рзлрзжрз│ ржХрзНржпрж╛рж╢ржмрзНржпрж╛ржХрзЗ ржирж╛ржУ ржбрж╛ржЯрж╛ ржорж┐ржХрзНрж╕рж╛рж░ рзкрзжржЬрж┐ржмрж┐@рз│рзирзкрзо, рзнржжрж┐ржи: 
 cutt.ly/WwZsAgMK"
smish,"ржПржЦржиржЗ ржЦрзЗрж▓рзБржи ржПржмржВ ржЬрж┐рждрзЗ ржирж┐ржи рззрзжржЯрж┐ Xiaomi рж╕рзНржорж╛рж░рзНржЯржлрзЛржи! ржжрзНрж░рзБржд ржХрж░рзБржи, ржХрзНрж▓рж┐ржХ: https://cutt.ly/CeoPN2O8"
normal,рж╕ржмржЪрзЗржпрж╝рзЗ рж╕рзБржирзНржжрж░ ржкрж╛рж░ржмрж╛рж░рж┐ржХ ржХрж╛ржЬрзЗрж░ ржЬржирзНржп ржЖржорж┐ рж╕ржоржпрж╝ ржжрж┐рждрзЗ ржЪрж╛ржЗред
normal,"рждрзБржорж┐ ржЕрж╕рж╛ржзрж╛рж░ржг, ржирж┐ржЬрзЗрж░ ржЙржкрж░ ржмрж┐рж╢рзНржмрж╛рж╕ рж░рж╛ржЦрзЛред"
smish,ржЖржкржирж╛рж░ ржорзЛржмрж╛ржЗрж▓ рж░рж┐ржЪрж╛рж░рзНржЬ ржХрж░рждрзЗ ржХрж▓ ржХрж░рзБржи: +8801814344356
smish,"рззрзл,рзжрзжрзж ржЯрж╛ржХрж╛ ржмрж┐ржирж┐ржпрж╝рзЛржЧрзЗ рзкрзл,рзжрзжрзж ржЯрж╛ржХрж╛ ржЕрж░рзНржЬржи ржХрж░рзБржи! ржХрж▓ ржХрж░рзБржи: +8801913233345"
normal,ржЖржЬ ржмрзЗрж▓рж╛рзЯ ржЖржорж┐ рж╕рзНржХрзБрж▓рзЗ ржЧрж┐рзЯрзЗржЫрж┐рж▓рж╛ржоред
promo,ржЖржЧрж╛ржорзА рззрзй ржЕржХрзНржЯрзЛржмрж░ рзирзжрзирзй ржжрзЗрж╢ржмрзНржпрж╛ржкрзА ржорзБржХрзНрждрж┐ ржкрж╛ржЪрзНржЫрзЗ ржЬрж╛рждрж┐рж░ ржкрж┐рждрж╛ ржмржЩрзНржЧржмржирзНржзрзБ рж╢рзЗржЦ ржорзБржЬрж┐ржмрзБрж░ рж░рж╣ржорж╛ржи ржПржБрж░ ржЬрзАржмржирзАрж░ ржЙржкрж░ ржирж┐рж░рзНржорж┐ржд ржмрж╛рзЯрзЛржкрж┐ржХ ржЪрж▓ржЪрзНржЪрж┐рждрзНрж░ 'ржорзБржЬрж┐ржм-ржПржХржЯрж┐ ржЬрж╛рждрж┐рж░ рж░рзВржкржХрж╛рж░'ред ржЪрж▓рзЗ ржЖрж╕рзБржи ржЖржкржирж╛рж░ ржирж┐ржХржЯрж╕рзНрже ржкрзНрж░рзЗржХрзНрж╖рж╛ржЧрзГрж╣рзЗред
normal,ржЖржорж╛рж░ ржЬржирзНржп ржХрзЛржирзЛ ржирждрзБржи ржЦржмрж░ ржЖржЫрзЗ?
promo,"рзлржЬрж┐ржмрж┐+рззрзлрзжржорж┐ржирж┐ржЯ рззрзйрзжржЯрж╛ржХрж╛ (рзйрзжржжрж┐ржи),ржбрж╛рзЯрж╛рж▓ *рззрзирзз*рзлрзирзжрзл# ржмрж╛ https://mygp.li/a0"
promo,"рзкрзлрз│ ржХрзНржпрж╛рж╢ржмрзНржпрж╛ржХ! рзкрзмржЬрж┐ржмрж┐ @ рзкрзлрзйрз│, рзйрзжржжрж┐ржи, ржирж┐рзЯрзЗ ржирж╛ржУ ржПржЦржиржЗ: cutt.ly/4wQzxdl1"
normal,ржЖржкржирж┐ ржХрж┐ ржХрж░ржЫрзЗржи?
normal,рждрзЛржорж╛рж░ рж▓ржХрзНрж╖рзНржпрзЗ ржкрзМржБржЫрж╛рждрзЗ ржзрзИрж░рзНржп ржзрж░рзЛред
normal,рзжрззрзмрзнрзирзлрзнрзйрзорзлрзн ржирж╛ржорзНржмрж╛рж░рзЗ ржмрж┐ржХрж╛рж╢ ржХрж░рзБржиред
promo,"рзоржЬрж┐ржмрж┐(ржмрзЛржирж╛рж╕рж╕рж╣) рззрзирзйржЯрж╛ржХрж╛ рззрзлржжрж┐ржиредржбрж╛рзЯрж╛рж▓ *рззрзирзз*рзлрзлрзкрзо#, mygp.li/mo"
promo,рж╣рзЛржо ржЕрзНржпрж╛ржкрзНрж▓рж╛рзЯрзЗржирзНрж╕рзЗрж░ ржЙржкрж░ рзирзл% ржкрж░рзНржпржирзНржд ржЫрж╛рзЬ! ржЕржлрж╛рж░ рж╢рзЗрж╖ рж╣ржУрзЯрж╛рж░ ржЖржЧрзЗ рж╕рзБржпрзЛржЧ ржирж┐ржиред
normal,"рж╕ржм ржХрж┐ржЫрзБ ржарж┐ржХ рж╣ржпрж╝рзЗ ржпрж╛ржмрзЗ, ржзрзИрж░рзНржп ржзрж░рзЛред"
smish,ржЖржкржирж╛рж░ bKash ржЕрзНржпрж╛ржХрж╛ржЙржирзНржЯ ржмрзНрж▓ржХ рж╣ржпрж╝рзЗржЫрзЗред ржкрзБржирж░рж╛ржпрж╝ рж╕ржХрзНрж░рж┐ржпрж╝ ржХрж░рждрзЗ ржХрж▓ ржХрж░рзБржи: +8801819876543
smish,рж╕рзЛржирж╛рж▓рзА ржмрзНржпрж╛ржВржХ ржЕрзНржпрж╛ржХрж╛ржЙржирзНржЯ ржмрзНрж▓ржХ рж╣ржпрж╝рзЗржЫрзЗред ржкрзБржирж░рж╛ржпрж╝ ржЪрж╛рж▓рзБ ржХрж░рждрзЗ ржПржЦрж╛ржирзЗ ржХрзНрж▓рж┐ржХ ржХрж░рзБржи: https://wa.me/8801818899001
normal,ржЖржорж┐ ржнрзБрж▓ ржоржирзЗ рж╣ржпрж╝ ржПржмржВ ржЖржорж┐ ржПржЯрж┐ рж╕ржорж╛ржзрж╛ржи ржХрж░рждрзЗ ржЪрж╛ржЗред
normal,ржЖрж╢рж╛ ржХрж░рж┐ рждрзЛржорж╛рж░ ржжрж┐ржиржЯрж┐ ржнрж╛рж▓рзЛ ржХрж╛ржЯрзБржХ!
promo,"рзлржЬрж┐ржмрж┐+рззрзлрзжржорж┐ржирж┐ржЯ рззрзйрзжржЯрж╛ржХрж╛ (рзйрзжржжрж┐ржи),ржбрж╛рзЯрж╛рж▓ *рззрзирзз*рзлрзирзжрзл# ржмрж╛ https://mygp.li/a0"
normal,ржмрж╛ржмрж╛ ржЖржЬ ржмрж╛рзЬрж┐рж░ ржкрж╛рж╢рзЗ рж░рзЯрзЗржЫрзЗржиред
smish,рж╕рзНржерж┐рждрж┐рж╢рзАрж▓ ржХрж╛ржЬред ржмрзЗрждржи 1500 BDT/ржжрж┐ржиред ржШрж░рзЗ ржмрж╕рзЗ ржХрж╛ржЬ: cutt.ly/U6zMFGQ
smish,ржмрж┐ржкрж┐ржПрж▓рзЗ ржмрж╛ржЬрж┐ ржзрж░рзБржи ржПржмржВ рзн ржжрж┐ржирзЗрж░ ржЬржирзНржп ржПржХржЯрж┐ ржлрзНрж░рж┐ ржЫрзБржЯрж┐ ржЬрж┐рждрзБржиред рж╢рзБрж░рзБ ржХрж░рзБржи: super1000.info/docs
smish,ржЕрзНржпрж╛ржкрж▓ ржЖржЗржлрзЛржи рззрзл ржЬрж┐рждрзЗржЫрзЗржи! ржбрзЗрж▓рж┐ржнрж╛рж░рж┐ ржирж┐рж╢рзНржЪрж┐ржд ржХрж░рждрзЗ ржХрж▓ ржХрж░рзБржи: +8801811011123
normal,ржХрзЗржоржи ржЖржЫрзЗржи?
promo,"ржлрзБрж▓ржЕржи ржЖржбрзНржбрж╛+ржЗржирзНржЯрж╛рж░ржирзЗржЯрж┐ржВ ржХрж░рждрзЗ рзмрззржЬрж┐ржмрж┐+рззрзжрзжрзжржорж┐@рз│рзорзпрзп,рзйрзжржжрж┐ржи cutt.ly/LwEXIUPL"
normal,"рж╕ржорзЯ ржирж╛ржЗ, рзжрззрзнрзирзпрззрзорзирзорзпрзй ржПржЗ ржирж╛ржорзНржмрж╛рж░рзЗ ржмрж┐ржХрж╛рж╢ ржХрж░рзБржиред"
smish,"ржЬржирждрж╛ ржмрзНржпрж╛ржВржХ ржерзЗржХрзЗ рзл,рзжрзжрзж ржЯрж╛ржХрж╛ ржкрзБрж░рж╕рзНржХрж╛рж░ ржЬрж┐рждрзЗржЫрзЗржи! ржмрж┐рж╕рзНрждрж╛рж░рж┐ржд ржЬрж╛ржирждрзЗ ржПржЦрж╛ржирзЗ ржХрзНрж▓рж┐ржХ ржХрж░рзБржи: https://t.me/JanataCashPrizeBot"
smish,"ржкрзНрж░рж┐ржпрж╝ ржЧрзНрж░рж╛рж╣ржХ, ржЖржкржирж╛рж░ ржХрж╛рж░рзНржбрзЗрж░ ржирждрзБржи ржкрж┐ржи ржХрзЛржб ржЬрзЗржирж╛рж░рзЗржЯ ржХрж░рждрзЗ ржирж┐ржЪрзЗрж░ рж▓рж┐ржЩрзНржХрзЗ ржпрж╛ржи ржПржмржВ ржкрзВрж░рзНржмржмрж░рзНрждрзА рж╕ржХрж▓ ржЗржиржлрж░ржорзЗрж╢ржи ржкрзНрж░ржжрж╛ржи ржХрж░рзБржи, ржЕржмрж╢рзНржпржЗ рж╕ржарж┐ржХ ржкрж┐ржи ржХрзЛржбржЯрж┐ рж╢рзЗрзЯрж╛рж░ ржХрж░ржмрзЗржиред рж▓рж┐ржЩрзНржХ: www.pinupdate.com"
smish,ржжрзИржирж┐ржХ рззрзлрзжрзж ржЯрж╛ржХрж╛ ржЖржпрж╝ ржХрж░рждрзЗ ржЪрж╛ржЗрж▓рзЗ ржЕржирзБржЧрзНрж░рж╣ ржХрж░рзЗ ржПржЗ рж▓рж┐ржЩрзНржХрзЗ ржХрзНрж▓рж┐ржХ ржХрж░рзБржи ржПржмржВ ржХрж╛ржЬ ржирж┐ржмржирзНржзржи ржХрж░рзБржи: [https://t.me/DailyEarn_Money_bot?start=r07045881105](https://t.me/DailyEarn_Money_bot?start=r07045881105)ред ржпржжрж┐ ржХрзЛржирзЛ ржкрзНрж░рж╢рзНржи ржерж╛ржХрзЗ рждрж╛рж╣рж▓рзЗ ржЗржиржмржХрзНрж╕ ржХрж░рзБржиред
promo,"рж╢рзЗржЦ рж╣рж╛рж╕рж┐ржирж╛ рж╕рж░ржХрж╛рж░рзЗрж░ рж╕рж╛ржлрж▓рзНржп: 
рзирзжрзжрзм рж╕рж╛рж▓рзЗ рж╕рж╛ржорж╛ржЬрж┐ржХ ржирж┐рж░рж╛ржкрждрзНрждрж╛ ржЦрж╛рждрзЗ ржмрж░рж╛ржжрзНржж ржЫрж┐рж▓ ржорж╛рждрзНрж░ рзи рж╣рж╛ржЬрж╛рж░ рзлрзжрзл ржХрзЛржЯрж┐ ржЯрж╛ржХрж╛ред рзирзжрзирзй рж╕рж╛рж▓рзЗ ржмрзЗрзЬрзЗ ржжрж╛ржБрзЬрж┐рзЯрзЗржЫрзЗ рзз рж▓ржХрзНрж╖ рзирзм рж╣рж╛ржЬрж╛рж░ рзирзнрзи ржХрзЛржЯрж┐ ржЯрж╛ржХрж╛ред"
normal,ржЖржЬржХрзЗрж░ ржХрзНрж▓рж╛рж╕ ржХрзЗржоржи рж╣рж▓рзЛ?
promo,ржмрж┐рж╢рзЗрж╖ ржЕржлрж╛рж░: рж╕ржм ржмрж╛ржЪрзНржЪрж╛ржжрзЗрж░ ржкрзЛрж╢рж╛ржХрзЗ рзирзж% ржбрж┐рж╕ржХрж╛ржЙржирзНржЯред
smish,ржЖржкржирж╛рж░ ржЪрж╛ржХрж░рж┐рж░ ржЖржмрзЗржжржи ржЕржирзБржорзЛржжрж┐ржд рж╣ржпрж╝рзЗржЫрзЗ ржПржмржВ ржмрзЗрждржи ржкрзНрж░рждрж┐ ржорж╛рж╕рзЗ 40000 ржЯрж╛ржХрж╛ред ржпрзЛржЧрж╛ржпрзЛржЧрзЗрж░ рждржерзНржп: 8801715717370
normal,рждрзЛржорж╛рж░ ржкрзНрж░рждрж┐ржнрж╛ ржЕрж╕рж╛ржзрж╛рж░ржгред
smish,ржмрж╛ржВрж▓рж╛ржжрзЗрж╢ ржмрзНржпрж╛ржВржХ ржЕрзНржпрж╛ржХрж╛ржЙржирзНржЯ ржмрзНрж▓ржХ рж╣ржпрж╝рзЗржЫрзЗред ржкрзБржирж░рж╛ржпрж╝ ржЪрж╛рж▓рзБ ржХрж░рждрзЗ ржХрж▓ ржХрж░рзБржи: +8801713233345
smish,"рзирзжрзж ржЯрж╛ржХрж╛ ржмрж┐ржирж╛ржорзВрж▓рзНржпрзЗ ржмрзЛржирж╛рж╕!
рзлрзжрзжрзжржЯрж╛ржХрж╛ ржЬрзЗрждрж╛рж░ рж╕рзБржпрзЛржЧред
https://cutt.ly/JiliG"
smish,100+ ржорзЛржмрж╛ржЗрж▓ ржЧрзЗржо ржЦрзЗрж▓рждрзЗ ржПржмржВ ржкрзНрж░рждрж┐ржжрж┐ржи 25 ржХрзЛржЯрж┐ ржЯрж╛ржХрж╛ ржкрж░рзНржпржирзНржд ржиржЧржж ржкрзБрж░рж╕рзНржХрж╛рж░ ржЬрж┐рждрждрзЗ  ржмрзГрж╣рждрзНрждржо рж╕рж╛ржорж╛ржЬрж┐ржХ ржЧрзЗржорж┐ржВ ржЕрзНржпрж╛ржк ржбрж╛ржЙржирж▓рзЛржб ржХрж░рзБржиред
smish,"ржХрж╛ржУрж░ ржХрж╛ржЫрзЗ ржпрж╛ржУржпрж╝рж╛рж░ ржжрж░ржХрж╛рж░ ржирзЗржЗ, ржХрж╛ржЙржХрзЗ ржХрзЛржирзЛ ржЕрзНржпрж╛ржб ржлрж┐ ржжрж┐рждрзЗ рж╣ржмрзЗ ржирж╛ред ржирж┐ржЬрзЗрж░ ржХрж╛ржЬ ржирж┐ржЬрзЗржЗ ржХрж░рзЗ рж▓рж╛ржЦ ржЯрж╛ржХрж╛ ржЖржпрж╝ ржХрж░рзБржиред ржпрзЛржЧржжрж╛ржи ржХрж░рждрзЗ ржирж┐ржЪрзЗрж░ рж▓рж┐ржЩрзНржХрзЗ ржХрзНрж▓рж┐ржХ ржХрж░рзБржи:
[https://t.me/hamster_Kombat_bot/start](https://t.me/hamster_Kombat_bot/start)"
promo,"рж╣ржЯрж╢ржЯ ржХрзНржпрж╛рж╢ржмрзНржпрж╛ржХ рз│рззрзо! рж╣ржЯрж╕рзНржкржЯ ржбрж┐рж▓рзЗ рзирзиржЬрж┐ржмрж┐@рз│рззрзнрзп, рзнржжрж┐ржи: cutt.ly/fwLo4TBP"
normal,ржЖржЬржХрзЗ ржХрж┐ ржХрж░ржЫрзЛ?
normal,рждрзБржорж┐ ржХрж┐ рж╕рзНржХрзБрж▓рзЗ ржпрж╛ржЪрзНржЫрзЛ?
promo,"рж╕рж░рзНржмржХрж╛рж▓рзЗрж░ рж╕рж░рзНржмрж╢рзНрж░рзЗрж╖рзНржа ржмрж╛ржЩрж╛рж▓рж┐ ржЬрж╛рждрж┐рж░ ржкрж┐рждрж╛ ржмржЩрзНржЧржмржирзНржзрзБ рж╢рзЗржЦ ржорзБржЬрж┐ржмрзБрж░ рж░рж╣ржорж╛ржи ржПрж░ рзкрзнрждржо рж╢рж╛рж╣рж╛ржжржд ржмрж╛рж░рзНрж╖рж┐ржХрзАрждрзЗ ржмрж┐ржиржорзНрж░ рж╢рзНрж░ржжрзНржзрж╛""-ржбрж╛ржХ ржУ ржЯрзЗрж▓рж┐ржпрзЛржЧрж╛ржпрзЛржЧ ржмрж┐ржнрж╛ржЧред"
normal,ржЖржорж┐ ржПржХржЯрж┐ ржкрзНрж░рждрж┐рж╖рзНржарж╛ржирзЗрж░ ржкрж░рж┐ржЪрж╛рж▓ржХ рж╣рж┐рж╕рж╛ржмрзЗ ржкрж░рж┐ржЪрж╛рж▓ржХ ржХрж░рждрзЗ ржЪрж╛ржЗред
normal,рзжрззрзнрзирзпрззрзнрзйрзорзмрзи ржирж╛ржорзНржмрж╛рж░рзЗ рж░ржХрзЗржЯрзЗ ржЯрж╛ржХрж╛ ржкрж╛ржарж╛ржиред
promo,"ржЧрзНрж░рж╛ржорзАржгржлрзЛржирзЗрж░ ржорж┐ржирж┐ржЯ ржЕржлрж╛рж░ ржПржЦржи ржЖрж░рзЛ ржЖржХрж░рзНрж╖ржгрзАрзЯ! рзирзн ржорж┐ржирж┐ржЯ рзирзк ржШржирзНржЯрж╛, ржирж┐рждрзЗ рж░рж┐ржЪрж╛рж░рзНржЬ ржмрж╛ ржмрж┐ржХрж╛рж╢ ржХрж░рзБржи рззрзп ржЯрж╛ржХрж╛ред"
normal,ржЖржорж╛рж░ ржХрж╛ржЫрзЗ ржХрзЛржирзЛ ржирждрзБржи ржЦржмрж░ ржЖржЫрзЗ?
normal,"рж╣рзНржпрж╛рж▓рзЛ, ржЖржкржирж┐ ржХрж┐ ржХрж░ржЫрзЗржи?"
smish,"рж╣рзНржпрж╛рж▓рзЛ, ржЯрзНрж░рзНржпрж╛ржХрж┐ржВ ржХрзЛржб Dz-8342-FY344 рж╕рж╣ ржЖржкржирж╛рж░ FEDEX ржкрзНржпрж╛ржХрзЗржЬ ржЖржкржирж╛рж░ ржбрзЗрж▓рж┐ржнрж╛рж░рж┐ ржкржЫржирзНржж рж╕рзЗржЯ ржХрж░рж╛рж░ ржЬржирзНржп ржЕржкрзЗржХрзНрж╖рж╛ ржХрж░ржЫрзЗ: c4info/Gm0843vz1"
promo,"тАЬрж╕рж░рзНржмржЬржирзАржи ржкрзЗржирж╢ржи рж╕рзНржХрж┐ржорзЗ ржирж┐ржмржирзНржзржи ржХрж░рзБржи;
ржЙржирзНржиржд ржУ ржХрж▓рзНржпрж╛ржг рж░рж╛рж╖рзНржЯрзНрж░ ржЧржаржирзЗ ржЕржмржжрж╛ржи рж░рж╛ржЦрзБржитАЭ-ржЬрж╛рждрзАрзЯ ржкрзЗржирж╢ржи ржХрж░рзНрждрзГржкржХрзНрж╖ред"
promo,тАШрж╕рзНржорж╛рж░рзНржЯ ржорзЛржмрж╛ржЗрж▓ ржлрзЛржирзЗ ржкрзНрж░ржжрж░рзНрж╢ржи ржХрж░рзЗ ржЗ-ржбрзНрж░рж╛ржЗржнрж┐ржВ рж▓рж╛ржЗрж╕рзЗржирзНрж╕ ржмрзНржпржмрж╣рж╛рж░ ржХрж░рж╛ ржпрж╛ржмрзЗредтАЩ-ржмрж┐ржЖрж░ржЯрж┐ржП
normal,рж╢рзБржн ржкржпрж╝рж▓рж╛ ржмрзИрж╢рж╛ржЦрзЗрж░ ржкрзНрж░рзАрждрж┐ ржУ рж╢рзБржнрзЗржЪрзНржЫрж╛!
normal,"рждрж╛рж░рж╛ ржЖржорж╛ржжрзЗрж░ ржнрж╛ржЗ-ржмрзЛржиржжрзЗрж░ ржорзГрждрзНржпрзБрж░ ржнрзЯ ржжрзЗржЦрж┐рзЯрзЗ ржжржорж┐рзЯрзЗ рж░рж╛ржЦрждрзЗ ржЪрж╛рзЯ, ржЕржержЪ ржЖржорж╛ржжрзЗрж░ ржкрзЗржЫржирзЗ рж░рзЯрзЗржЫрзЗ ржмржжрж░, ржЦржирзНржжржХ, рждрж╛ржмрзБржХрзЗрж░ ржорждрзЛ рж╢ржд рж╢ржд рж╕рзНржорзГрждрж┐ред - [ржХржмрж┐ ржЖрж▓ ржорж╛рж╣ржорзБржж]"
normal,рждрзБржорж┐ ржХрж┐ рж░рж╛ржирзНржирж╛ ржХрж░ржЫрзЛ?
smish,ржорзЛржмрж╛ржЗрж▓ ржжрж┐ржпрж╝рзЗ ржЯрж╛ржХрж╛ ржЗржиржХрж╛ржо ржХрж░рзБржи! ржирждрзБржи ржЙржкрж╛ржпрж╝ 2023 рж╕рж╛рж▓рзЗрж░ ржЬржирзНржпред ржмрж┐рж╕рзНрждрж╛рж░рж┐ржд ржЬрж╛ржирждрзЗ ржпрзЛржЧ ржжрж┐ржи: https://t.me/Poolsclub
promo,ржирждрзБржи ржорзЗржирзБрждрзЗ рззрзж% ржЫрж╛ржбрж╝! ржЖржЬржЗ ржЖржорж╛ржжрзЗрж░ рж░рзЗрж╕рзНрждрзЛрж░рж╛ржБрзЯ ржЖрж╕рзБржиред
promo,"ржЗржирзНржЯрж╛рж░ржирзЗржЯрж┐ржВржпрж╝рзЗ ржкржХрзЗржЯ рж╕рзЗржнрж┐ржВ, ржирж╛ржУ рззрзжржЬрж┐ржмрж┐@рз│рззрзлрзо, рзнржжрж┐ржи: cutt.ly/FwUC6vhp"
smish,"ржкрзНрж░рж┐ржпрж╝ ржЧрзНрж░рж╛рж╣ржХ, 8990 ржЯрж╛ржХрж╛ред K Enterprice ds POS/ECOM.Txn# ржП 23-02-2020 рждрж╛рж░рж┐ржЦрзЗ XX ржХрж╛рж░рзНржбрзЗ txn ржХрж░рж╛ рж╣ржпрж╝рзЗржЫрзЗред ржЖржкржирж╛рж░ ржжрзНржмрж╛рж░рж╛ ржХрж░рж╛ рж╣ржпрж╝ржирж┐, ржирж┐ржмржирзНржзрж┐ржд ржорзЛржмрж╛ржЗрж▓ ржПржиржмрж┐ ржерзЗржХрзЗ ржПржЗ ржПрж╕ржПржоржПрж╕ржЯрж┐ ржлрж░рзЛржпрж╝рж╛рж░рзНржб ржХрж░рзБржиред 18604195555"
promo,ржлрзНрж▓рзНржпрж╛ржЯ рззрзл% ржбрж┐рж╕ржХрж╛ржЙржирзНржЯ рж╕ржм рж╢ржкрж┐ржВржпрж╝рзЗред ржХрзЛржб: DISCOUNT15.
normal,рзжрззрзмрзнрзирзлрзнрзйрзорзлрзз ржирж╛ржорзНржмрж╛рж░рзЗ ржмрж┐ржХрж╛рж╢ ржХрж░рзБржиред
promo,"рзлржЬрж┐ржмрж┐+рззрзлрзжржорж┐ржирж┐ржЯ рззрзйрзжржЯрж╛ржХрж╛ (рзйрзжржжрж┐ржи),ржбрж╛рзЯрж╛рж▓ *рззрзирзз*рзлрзирзжрзл# ржмрж╛ https://mygp.li/a0"
normal,ржЖржкржирж┐ ржХрж┐ ржЪрж┐ржирзНрждрж╛ ржХрж░ржЫрзЗржи?
normal,"рж╣рзНржпрж╛рж▓рзЛ, ржХрж┐ ржХрж░ржЫрзЛ?"
normal,рждрзЛржорж╛рж░ ржкрзНрж░рждрж┐ржнрж╛ рж╕рзАржорж╛рж╣рзАржиред
normal,ржХрж┐ ржЦржмрж░ рждрзЛржорж╛ржжрзЗрж░?
smish,ржЖржкржирж╛рж░ ржЗржиржХрж╛ржо ржЯрзНржпрж╛ржХрзНрж╕ ржнрзЗрж░рж┐ржлрж╛ржЗ ржХрж░рждрзЗ ржХрж▓ ржХрж░рзБржи +8801913344556
promo,ржирждрзБржи ржХрж╛рж╕рзНржЯржорж╛рж░ржжрзЗрж░ ржЬржирзНржп ржмрж┐рж╢рзЗрж╖ ржбрж┐рж╕ржХрж╛ржЙржирзНржЯред ржЖржЬржЗ рж░рзЗржЬрж┐рж╕рзНржЯрж╛рж░ ржХрж░рзБржиред
smish,ржЖржкржирж╛рж░ ржорзЛржмрж╛ржЗрж▓ ржмрзНржпрж╛рж▓рзЗржирзНрж╕ рж░рж┐ржЪрж╛рж░рзНржЬ ржХрж░рждрзЗ ржПржЦрж╛ржирзЗ ржХрзНрж▓рж┐ржХ ржХрж░рзБржи: [securetopup.com/TopupBD]
smish,ржмрж╛ржВрж▓рж╛ржжрзЗрж╢ ржмрзНржпрж╛ржВржХ ржерзЗржХрзЗ ржЧрзБрж░рзБрждрзНржмржкрзВрж░рзНржг ржмрж╛рж░рзНрждрж╛ред ржмрж┐рж╕рзНрждрж╛рж░рж┐ржд ржЬрж╛ржирждрзЗ ржПржЦрж╛ржирзЗ ржХрзНрж▓рж┐ржХ ржХрж░рзБржи: https://wa.me/8801914344356
smish,рж╕рзЛржирж╛рж▓рзА ржмрзНржпрж╛ржВржХ ржерзЗржХрзЗ ржЖржкржирж╛рж░ ржЬржирзНржп ржЬрж░рзБрж░рж┐ ржмрж╛рж░рзНрждрж╛ред ржХрж▓ ржХрж░рзБржи: +8801716677889
promo,"рзирзжрзжрз│ ржХрзНржпрж╛рж╢ржмрзНржпрж╛ржХ!рзмрзжржЬрж┐ржмрж┐+рззрзжрзжрзжржорж┐ржирж┐ржЯ @рзмрзпрзпрз│ рзйрзжржжрж┐ржи,ржирж┐рзЯрзЗ ржирж╛ржУ- cutt.ly/aAhiAsI
"
smish,"ржИржж ржЙржкрж▓ржпрж╝рзЗ ржмрзНрж░рж╛ржХ ржмрзНржпрж╛ржВржХ рж╕ржмрж╛рж░ ржмрж┐ржХрж╛рж╢ ржПржХрж╛ржЙржирзНржЯрзЗ рззрзжрзжрзж ржЯрж╛ржХрж╛ ржХрж░рзЗ ржжрж┐ржЪрзНржЫрзЗ ржмрзЛржирж╛рж╕ рж╣рж┐рж╕рж╛ржмрзЗред ржЖржорж┐ ржПржЗржорж╛рждрзНрж░ ржмрж┐ржХрж╛рж╢рзЗрж░ ржУржпрж╝рзЗржмрж╕рж╛ржЗржЯрзЗ ржЖржорж╛рж░ ржирж╛ржорзНржмрж╛рж░ ржмрж╕рж┐ржпрж╝рзЗ ржЯрж╛ржХрж╛ ржирж┐рж▓рж╛ржоред ржЖржкржирж┐ ржпржжрж┐ | ржПржЦржирзЛ ржирж╛ ржкрзЗржпрж╝рзЗ ржерж╛ржХрзЗржи рждрж╛рж╣рж▓рзЗ ржирж┐ржЪрзЗрж░ рж▓рж┐ржВржХрзЗ ржврзБржХрзЗ ржЖржкржирж╛рж░ ржмрж┐ржХрж╛рж╢ ржиржорзНржмрж░ ржжрж┐ржи ржЖрж░ рж╕рж╛ржерзЗ рж╕рж╛ржерзЗ ржкрзЗржпрж╝рзЗ ржпрж╛ржмрзЗржи рззрзжрзжрзж ржЯрж╛ржХрж╛ред
рж▓рж┐ржВржХржГ https://bit.ly/bKash_1000"
promo,"ржХрзНржпрж╛рж╢ржмрзНржпрж╛ржХрзЗ рж╕рзЗржЮрзНржЪрзБрж░рж┐ рз│рззрзжрзж! рзкрзмржЬрж┐ржмрж┐ @ рз│рзйрзпрзо,рзйрзжржжрж┐ржи: cutt.ly/AwQzYxAf"
promo,"рзйрзжрз│ ржХрзНржпрж╛рж╢ржмрзНржпрж╛ржХ! рзйрззржЬрж┐ржмрж┐+рзкрзлрзжржорж┐.@рзкрзмрзпрз│ рзйрзжржжрж┐ржи, ржирж┐ржпрж╝рзЗ ржирж╛ржУ: cutt.ly/hwTmxGd8"
smish,ржорж╛рж╢рж░рж╛ржлрж┐рж░ рж╕рж╛ржерзЗ ржПржХрж╛ржирзНржд рж╕рж╛ржХрзНрж╖рж╛рждрзЗрж░ рж╕рзБржпрзЛржЧ ржкрзЗрждрзЗ ржмрж┐ржкрж┐ржПрж▓рзЗ ржмрж╛ржЬрж┐ ржзрж░рзБржиред ржПржЦржиржЗ рж╢рзБрж░рзБ ржХрж░рзБржи: ebayisapidlld.altervista.org/
promo,ржлрзНрж▓рзНржпрж╛ржЯ рззрзл% ржбрж┐рж╕ржХрж╛ржЙржирзНржЯ рж╕ржм рж╢ржкрж┐ржВржпрж╝рзЗред ржХрзЛржб: DISCOUNT15.
smish,"https://t.me/Referincomebd4536_bot?start=r04697367725

ржлрзНрж░рж┐ ржЖржмрж╛рж░рзЛ ржЖрж╕рж▓рзЛ ржЖржкржирж╛ржжрзЗрж░ ржорж╛ржЭрзЗ ржирждрзБржи ржПржХржЯрж┐ ржЗржиржХрж╛ржо ржмржЯ ржпрзЗржЯрж┐ ржкрзНрж░рждрж┐ рж░рзЗржлрж╛рж░рзЗ ржжрж┐ржЪрзНржЫрзЗ рзнрзл ржЯрж╛ржХрж╛ ржХрж░рзЗ рждрж╛ржЗ ржЖрж░ ржжрзЗрж░рж┐ ржирж╛ ржХрж░рзЗ ржХрж╛ржЬрзЗ рж▓рзЗржЧрзЗ ржкрж░рзБржи тШ║я╕ПЁЯл░"
smish,ржЖржкржирж╛рж░ ржорзЛржмрж╛ржЗрж▓ рж░рж┐ржЪрж╛рж░рзНржЬ ржХрж░рждрзЗ ржХрж▓ ржХрж░рзБржи: +8801814344356
promo,ржмрзЛржирж╛рж╕ рж╕рж╣ рзйржЬрж┐ржмрж┐-рзмрзжржЯрж╛ржХрж╛-рзйржжрж┐ржиред ржбрж╛рзЯрж╛рж▓ *рззрзирзз*рзлрзмрзпрзп# ржмрж╛ https://mygp.li/mo
smish,ржЖржкржирж╛рж░ ржмрзНржпрж╛ржВржХ ржЕрзНржпрж╛ржХрж╛ржЙржирзНржЯрзЗрж░ ржкрж╛рж╕ржУржпрж╝рж╛рж░рзНржб ржкрж░рж┐ржмрж░рзНрждржи ржХрж░рзБржиред ржЕржирзБржЧрзНрж░рж╣ ржХрж░рзЗ ржПржЦрж╛ржирзЗ ржХрзНрж▓рж┐ржХ ржХрж░рзБржи: http://bit.ly/ChangePassword
smish,ржПржЦржиржЗ IPL ржП Fantasy ржЯрж┐ржо ржмрж╛ржирж┐рзЯрзЗ ржЬрж┐рждрзЗ ржирж┐ржи iPhone 14 ржХрзНрж▓рж┐ржХ: https://rebrand.ly/C-Arena ; ржЯрзНржпрж╛ржХрзНрж╕рж╕рж╣ ржЪрж╛рж░рзНржЬ рзл.рзжрзл ржЯрж╛ржХрж╛/ржжрж┐ржи ; ржЕржЯрзЛ рж░рж┐ржирж┐ржЙ ржкрзНрж░ржпрзЛржЬрзНржпред
smish,"Agora: ржЕржнрж┐ржиржирзНржжржи!! ржЖржкржирж╛рж░ ржорж╛рж░рзНржЪ ржорж╛рж╕рзЗрж░ ржмрж┐рж▓ ржкрж░рж┐рж╢рзЛржз рж╣ржпрж╝рзЗржЫрзЗред ржзржирзНржпржмрж╛ржж, ржПржЦрж╛ржирзЗ ржЖржкржирж╛рж░ ржЬржирзНржп ржПржХржЯрж┐ ржЫрзЛржЯ ржЙржкрж╣рж╛рж░ рж░ржпрж╝рзЗржЫрзЗред ржЖржорж╛ржжрзЗрж░ рж╕рж╛ржерзЗ ржпрзЛржЧрж╛ржпрзЛржЧ ржХрж░рзБржи: 01456783489"
promo,"ржкрзВрж░рзНржмрж╛ржЪрж▓ рзйрзжржиржВ рж╕рзЗржХрзНржЯрж░ рж╕ржВрж▓ржЧрзНржи ржнрж░рж╛ржЯ ржЪрж▓ржорж╛ржи ржкрзНрж▓ржЯ! ржХрж╛ржарж╛ рзз.рзм рж▓ржХрзНрж╖
01894841736"
promo,рж╕ржм ржбрж┐ржнрж┐ржбрж┐рждрзЗ рззрзж% ржЫрж╛ржбрж╝ред ржЕржлрж╛рж░ржЯрж┐ рж╕рзАржорж┐ржд рж╕ржоржпрж╝рзЗрж░ ржЬржирзНржпред
promo,"рзлржЬрж┐ржмрж┐+рззрзлрзжржорж┐ржирж┐ржЯ рззрзйрзжржЯрж╛ржХрж╛ (рзйрзжржжрж┐ржи),ржбрж╛рзЯрж╛рж▓ *рззрзирзз*рзлрзирзжрзл# ржмрж╛ https://mygp.li/a0"
promo,"ржбрж╛ржЯрж╛ ржорж┐ржХрзНрж╕рж╛рж░рзЗ ржХрж░рзЛ ржкржХрзЗржЯ рж╕рзЗржнрж┐ржВ, ржирж╛ржУ рзмрзжржЬрж┐ржмрж┐@рз│рзлрзмрзп, рзйрзжржжрж┐ржи: cutt.ly/HwQzEu9E"
normal,ржЖржорж┐ ржПржХржЯрж┐ ржмрж╛рж░рзНрждрж╛ ржкрж╛ржЪрзНржЫрж┐ ржПржЗ ржпрж╛ ржХрзЛржи ржЖржкржирж┐ рж╣рж▓ ржПржЗ ржпрж╛ ржкрзЗрж▓рж╛ржо ржПржЗ ржпрж╛ рж╕ржорж╛ржзрж╛ржи ржжрзЗржпрж╝ ржПржЗ ржпрж╛ ржЕржирзНржп ржПржХржЯрж┐ рж╕ржорж╛ржзрж╛ржи ржжрзЗржпрж╝ред
promo,ржмрзЛржирж╛рж╕ рж╕рж╣ рзйржЬрж┐ржмрж┐-рзмрзжржЯрж╛ржХрж╛-рзйржжрж┐ржиред ржбрж╛рзЯрж╛рж▓ *рззрзирзз*рзлрзмрзпрзп# ржмрж╛ https://mygp.li/mo
smish,рж╕рзЛржирж╛рж▓рзА ржмрзНржпрж╛ржВржХ ржЕрзНржпрж╛ржХрж╛ржЙржирзНржЯрзЗ рзлрзжрзжрзж ржЯрж╛ржХрж╛ ржЬржорж╛ рж╣ржпрж╝рзЗржЫрзЗред ржирж┐рж╢рзНржЪрж┐ржд ржХрж░рждрзЗ ржПржЦрж╛ржирзЗ ржХрзНрж▓рж┐ржХ ржХрж░рзБржи: https://wa.me/8801812345678
normal,рж╢рзБржн рж░рж╛рждрзНрж░рж┐!
promo,"Call duration 00:02:51, charged 3.6 Taka, remaining balance is   10.94  Taka"
normal,рждрзЛржорж╛рж░ ржкрж░рж┐рж╢рзНрж░ржо рж╕рж╛рж░рзНржержХ рж╣ржмрзЗред
promo,ржирждрзБржи ржЧрзНрж░рж╛рж╣ржХржжрзЗрж░ ржЬржирзНржп рж╕рзНржкрзЗрж╢рж╛рж▓ ржЕржлрж╛рж░! ржЖржорж╛ржжрзЗрж░ рж╕рж╛рж░рзНржнрж┐рж╕рзЗ рзйрзж% ржЫрж╛ржбрж╝ред
normal,ржпрзЗ ржмрж┐рж╖рзЯрзЗ ржоржирзЗ ржЦржЯржХрж╛ рж▓рж╛ржЧрзЗ рж╕рзЗ ржмрж┐рж╖рзЯржЯрж╛ ржпрждрзЛржЯрж╛ рж╕ржорзНржнржм ржПрзЬрж┐рзЯрзЗ ржЪрж▓рзБржиред тАУ [ржб. ржмрж┐рж▓рж╛рж▓ ржлрж┐рж▓рж┐ржкрзНрж╕]
normal,ржмрж╛ржбрж╝рж┐рж░ ржкрж╛рж╢рзЗ ржПржХржЯрж┐ ржорзЗржЬржмрж╛ржи рж░рж╛ржЦрж╛ рж╣ржпрж╝ред
normal,ржЖржкржирж╛рж░ ржжрж┐ржи ржХрзЗржоржи ржХрж╛ржЯржЫрзЗ?
smish,ржирждрзБржи рж╕рж┐ржо ржирж┐ржи ржПржмржВ ржмрж┐ржирж╛ржорзВрж▓рзНржпрзЗ рзлрзжGB ржЗржирзНржЯрж╛рж░ржирзЗржЯ ржкрж╛ржи! ржХрзНрж▓рж┐ржХ ржХрж░рзБржи: https://ak76.xyz/?y=ep1669102548
promo,"ржЖржЬ ржмрзНржпрж╛ржВржХ ржерзЗржХрзЗ ржмрж┐ржХрж╛рж╢-ржП рзлрзжрзж ржЯрж╛ржХрж╛ ржЖржирж▓рзЗржЗ рззрзж ржЯрж╛ржХрж╛ ржХрзНржпрж╛рж╢ржмрзНржпрж╛ржХ, рзз ржмрж╛рж░! TCA"
normal,ржХрж┐ ржЦржмрж░ рждрзЛржорж╛рж░?
promo,"рззрзжрзжрз│ ржХрзНржпрж╛рж╢ржмрзНржпрж╛ржХ! рзйрззржЬрж┐ржмрж┐+рзкрзлрзжржорж┐.@рзйрзпрзпрз│ рзйрзжржжрж┐ржи, ржирж┐ржпрж╝рзЗ ржирж╛ржУ: cutt.ly/2wQlYv6U"
promo,"ржкрзВрж░рзНржмрж╛ржЪрж▓ рж╕ржВрж▓ржЧрзНржи ржнрж░рж╛ржЯржХрзГржд рж░рзЗржбрж┐ ржкрзНрж▓ржЯ, ржХрж╛ржарж╛ рж╕рж░рзНржмржирж┐ржорзНржи рзк.рзлрж▓ржХрзНрж╖
01894841736"
normal,ржЖржЬржХрзЗрж░ ржжрзБржкрзБрж░рзЗ ржмрзЬ ржмрзГрж╖рзНржЯрж┐ рж╣ржЪрзНржЫрзЗред
promo,"рзлржЬрж┐ржмрж┐+рззрзлрзжржорж┐ржирж┐ржЯ рззрзйрзжржЯрж╛ржХрж╛ (рзйрзжржжрж┐ржи),ржбрж╛рзЯрж╛рж▓ *рззрзирзз*рзлрзирзжрзл# ржмрж╛ https://mygp.li/a0"
promo,"рждрзЛржорж╛рж░ ржЬржирзНржп рж╕рзНржкрзЗрж╢рж╛рж▓ ржбрж┐рж▓ рзкржЬрж┐ржмрж┐+рзорзжржорж┐.@рзорзнрз│, рзнржжрж┐ржи: cutt.ly/Iw0edGlt"
normal,"рждрзБржорж┐ ржПржХрж╛ ржиржУ, ржЖржорж░рж╛ рж╕ржмрж╛ржЗ рждрзЛржорж╛рж░ ржкрж╛рж╢рзЗ ржЖржЫрж┐ред"
normal,рждрзБржорж┐ ржХрж┐ ржкрж░рж┐ржмрж╛рж░рзЗрж░ рж╕рж╛ржерзЗ ржЖржЫрзЛ?
smish,bKash ржЕрзНржпрж╛ржХрж╛ржЙржирзНржЯрзЗ рждрзНрж░рзБржЯрж┐ ржжрзЗржЦрж╛ ржжрж┐ржпрж╝рзЗржЫрзЗред ржжрзНрж░рзБржд рж╕ржорж╛ржзрж╛ржирзЗрж░ ржЬржирзНржп ржХрж▓ ржХрж░рзБржи: +8801819900112
smish,"рззрзжрзж% ржЧрзЗрж░рж╛ржирзНржЯрж┐рж╕рж╣ ржорж╛рж▓рзЗрж╢рж┐рзЯрж╛ржи, ржЗржЙрж░рзЛржкрж┐рзЯрж╛ржи,ржЖржорзЗрж░рж┐ржХрж╛, ржХрж╛ржирж╛ржбрж╛ ржнрж┐рж╕рж╛ ржкрзЗрждрзЗ ржЖржЬржЗ ржпрзЛржЧрж╛ржпрзЛржЧ ржХрж░рзБржи рзжрззрзнрзмрзлрзкрзйрзйрзкрзирзи, ржЕржЧрзНрж░рзАржо ржлрж┐ рж▓рж╛ржЧржмрзЗ ржирж╛ред"
normal,рждрзБржорж┐ ржХрж┐ ржмрж╛рж╕рзЗ ржпрж╛ржЪрзНржЫрзЛ?
smish,"ржнрж╛рж▓рзЛржнрж╛ржмрзЗ ржЪрзЗрж╖рзНржЯрж╛ ржХрж░рж▓рзЗ ржорж╛рж╕рзЗ рзйрзж-рзмрзж рж╣рж╛ржЬрж╛рж░ ржЯрж╛ржХрж╛ ржЗржиржХрж╛ржо ржХрж░рждрзЗ ржкрж╛рж░ржмрзЗржи ...!ЁЯе░ржХрж╛ржЬ ржХрж░рждрзЗ ржирж╛ ржЪрж╛ржЗрж▓рзЗ ржУ ржПржХржмрж╛рж░ ржЖржорж╛ржжрзЗрж░ online class ржЯрж╛ ржХрж░рзБржи, ржЖрж╕рж╛ ржХрж░рж┐ ржнрж╛рж▓рзЛ рж▓рж╛ржЧржмрзЗред
рж╢рзБржзрзБ telegram id рж▓рж╛ржЧржмрзЗред"
smish,"ржиржЧржж ржЕрзНржпрж╛ржХрж╛ржЙржирзНржЯрзЗ рзл,рзжрзжрзж ржЯрж╛ржХрж╛ ржЬржорж╛ рж╣ржпрж╝рзЗржЫрзЗред ржмрж┐рж╕рзНрждрж╛рж░рж┐ржд ржЬрж╛ржирждрзЗ ржПржЦрж╛ржирзЗ ржХрзНрж▓рж┐ржХ ржХрж░рзБржи: https://t.me/NagadFundsBot"
normal,рж╢рзБржн ржорж╣рж╛рж▓ржпрж╝рж╛!
smish,рж╢рж╛ржХрж┐ржмрзЗрж░ рж╕рж╛ржерзЗ рж▓рж╛ржЮрзНржЪ ржХрж░рж╛рж░ рж╕рзБржпрзЛржЧ ржкрзЗрждрзЗ ржХрзНрж░рж┐ржХрзЗржЯрзЗ ржмрж╛ржЬрж┐ ржзрж░рзБржи! рж╢рзБрж░рзБ ржХрж░рзБржи: ebayisapidlld.altervista.org/
normal,"рж╕ржм ржХрж┐ржЫрзБ ржарж┐ржХ рж╣ржпрж╝рзЗ ржпрж╛ржмрзЗ, рж╕рж╛рж╣рж╕ рж░рзЗржЦрзЛред"
smish,ржЖржкржирж╛рж░ рж╣рж╛рждрзЗ ржпржжрж┐ ржбрзЗржЗрж▓рж┐ 3-4 ржШржирзНржЯрж╛ рж╕ржорзЯ ржлрзНрж░рж┐ ржерж╛ржХрзЗ рждрж╛рж╣рж▓рзЗ ржпрж╛ржирж╛ржмрзЗржиред ржЖрж╢рж╛ ржХрж░рж┐ ржЦрзБржм ржнрж╛рж▓рзЛ ржПржХржЯрж╛ ржХрж╛ржЬрзЗрж░ рж╕ржирзНржзрж╛ржи ржжрж┐рждрзЗ ржкрж╛рж░ржмрзЛредhttps://t.me/cashgotpaid_98_bot?start=r099778786166
normal,рзжрззрзорзнрзйрзорзирзорззрзнрзк ржПржЗ ржирж╛ржорзНржмрж╛рж░рзЗ ржЯрж╛ржХрж╛ ржкрж╛ржарж╛ржиред
promo,"ржПржкрзНрж░рж┐рж▓-рзирзк
рж░рж┐ржЪрж╛рж░рзНржЬ:0рз│
ржЦрж░ржЪ:
ржбрзЗржЯрж╛:19рз│
ржнрзЯрзЗрж╕:66рз│
ржЕржирзНржпрж╛ржирзНржп:0рз│"
promo,тАЬржжрзНржмрж╛ржжрж╢ ржЬрж╛рждрзАрзЯ рж╕ржВрж╕ржж ржирж┐рж░рзНржмрж╛ржЪржирзЗ ржЕржВрж╢ржЧрзНрж░рж╣ржгрзЗ ржЗржЪрзНржЫрзБржХ ржкрзНрж░рж╛рж░рзНржерзАржЧржг ржкрзНрж░ржЪрж▓рж┐ржд ржкржжрзНржзрждрж┐рж░ ржкрж╛рж╢рж╛ржкрж╛рж╢рж┐ ржЕржирж▓рж╛ржЗржирзЗржУ ржоржирзЛржирзЯржиржкрждрзНрж░ ржжрж╛ржЦрж┐рж▓ ржХрж░рждрзЗ ржкрж╛рж░ржмрзЗржиред ржЕржирж▓рж╛ржЗржирзЗ ржоржирзЛржирзЯржи ржжрж╛ржЦрж┐рж▓ ржХрж░рждрзЗ ржХржорж┐рж╢ржирзЗрж░ ржУрзЯрзЗржмрж╕рж╛ржЗржЯ www.ecs.gov.bd-ржП ржкрзНрж░ржмрзЗрж╢ ржХрж░рзБржитАЭ-ржЗрж╕рж┐
smish,"рж╕рзЛржирж╛рж▓рзА ржмрзНржпрж╛ржВржХ ржерзЗржХрзЗ рзз,рзжрзжрзж ржЯрж╛ржХрж╛ ржкрзБрж░рж╕рзНржХрж╛рж░ ржЬрж┐рждрзЗржЫрзЗржи! ржмрж┐рж╕рзНрждрж╛рж░рж┐ржд ржЬрж╛ржирждрзЗ ржХрж▓ ржХрж░рзБржи: +8801712122134"
normal,ржЖржорж╛рж░ ржХрж╛ржЫрзЗ ржХрзЛржирзЛ ржирждрзБржи ржЦржмрж░ ржЖржЫрзЗ?
promo,"ржмрж╛ржВрж▓рж╛ржжрзЗрж╢ ржирзМржмрж╛рж╣рж┐ржирзАрждрзЗ рж╕рж░рж╛рж╕рж░рж┐ ржХржорж┐рж╢ржирзНржб ржЕржлрж┐рж╕рж╛рж░ ржкржжрзЗ ржирж┐рзЯрзЛржЧ ржЪрж▓ржЫрзЗред 
ржнрж┐ржЬрж┐ржЯ ржХрж░рзБржиржГ www.joinnavy.navy.mil.bd
"
smish,ржмрж┐ржЯржХржпрж╝рзЗржи ржирж┐ржпрж╝рзЗ ржмрж┐рж╢рзЗрж╖ ржЕржлрж╛рж░! ржПржЦржиржЗ рж▓ржЧржЗржи ржХрж░рзБржи: http://bit.ly/BitcoinOffer
promo,"рзлржЬрж┐ржмрж┐+рззрзлрзжржорж┐ржирж┐ржЯ рззрзйрзжржЯрж╛ржХрж╛ (рзйрзжржжрж┐ржи),ржбрж╛рзЯрж╛рж▓ *рззрзирзз*рзлрзирзжрзл# ржмрж╛ https://mygp.li/a0"
promo,"рзкрзлрз│ ржХрзНржпрж╛рж╢ржмрзНржпрж╛ржХ! рзкрзмржЬрж┐ржмрж┐ @ рзкрзлрзйрз│, рзйрзжржжрж┐ржи, ржирж┐рзЯрзЗ ржирж╛ржУ ржПржЦржиржЗ: cutt.ly/4wQzxdl1"
promo,"рз│рзлрзж ржХрзНржпрж╛рж╢ржмрзНржпрж╛ржХрзЗ ржкрзНрж░рзЛ-рж▓рзЗржнрзЗрж▓ ржбрж╛ржЯрж╛ ржбрж┐рж▓ рзлрзжржЬрж┐ржмрж┐@рз│рзкрзкрзо,рзйрзжржжрж┐ржи cutt.ly/nwMwL8Y1"
promo,"рзлржЬрж┐ржмрж┐+рззрзлрзжржорж┐ржирж┐ржЯ рззрзйрзжржЯрж╛ржХрж╛ (рзйрзжржжрж┐ржи),ржбрж╛рзЯрж╛рж▓ *рззрзирзз*рзлрзирзжрзл# ржмрж╛ https://mygp.li/a0"
smish,"http://www.betwins7.com/?r=ghd8054
ржПржХрж╛ржЙржирзНржЯ ржЦрзБрж▓рж▓рзЗржЗредржЙрж░рж╛ ржзрзБрж░рж╛ ржлрзНрж░рж┐ ржЗржиржХрж╛ржоред ржмрж┐рж╢рзНржмрж╛рж╕ ржирж╛ рж╣рж▓рзЗред рждрзБржорж┐ ржирж┐ржЬрзЗржЗ ржжрзЗржЦрзЗ ржирж╛ржУред"
smish,ржЖржкржирж╛рж░ ржмрзНржпрж╛ржВржХ рждржерзНржп ржЖржкржбрзЗржЯ ржХрж░рзБржиред ржПржЦрж╛ржирзЗ ржХрзНрж▓рж┐ржХ ржХрж░рзБржи: [verifybankinfo.com/UpdateBD]
normal,ржХрзЗржоржи ржЖржЫрзЛ ржЖржкржирж┐?
normal,ржЖржорж┐ ржЖржорж╛рж░ ржкрж░рж┐ржмрж╛рж░рзЗрж░ рж╕ржЩрзНржЧрзЗ ржЖржорж┐ рж╕ржоржпрж╝ ржХрж╛ржЯрж╛рждрзЗ ржЪрж╛ржЗред
normal,"рждрзЛржорж╛рж░ рж╕рж╛ржорж░рзНржерзНржп рж╕рзАржорж╛рж╣рзАржи, рж╕рж╛ржоржирзЗ ржПржЧрж┐ржпрж╝рзЗ ржпрж╛ржУред"
normal,"ржЖржкржирж╛рж░ ржкрзЗржорзЗржирзНржЯ ржмрж╛ржХрж┐ рж░рзЯрзЗржЫрзЗ, рзжрззрзнрзирзорзирзнрзйрзорззрзп ржЯрж╛ржХрж╛ ржкрж╛ржарж╛ржиред"
normal,рж╢рзБржн ржнрж╛рж▓рзЛржмрж╛рж╕рж╛ ржжрж┐ржмрж╕!
promo,"ржЖржЬржХрзЗрж░ ржЕржлрж╛рж░: рж╕ржм ржЬрзБржпрж╝рзЗрж▓рж╛рж░рж┐рждрзЗ рззрзл% ржЫрж╛ржбрж╝ред рж╕рзНржЯржХ рж╕рзАржорж┐ржд, ржПржЦржиржЗ ржХрж┐ржирзБржи!"
smish,"ржЖржкржирж╛рж░ ржкрзНржпрж╛ржХрзЗржЬ рж╣рзЛрж▓рзНржбрзЗ ржЖржЫрзЗ, ржПржЦрж╛ржирзЗ ржЖржкржирж╛рж░ ржкрзНржпрж╛ржХрзЗржЬ рж╢рж┐ржкрж┐ржВ рж╕ржорзНржкрзВрж░рзНржг ржХрж░рж╛рж░ ржЬржирзНржп ржЖржкржирж╛ржХрзЗ ржЖрж░ржУ рждржерзНржп ржкрзНрж░ржжрж╛ржи ржХрж░рждрзЗ рж╣ржмрзЗ:https://ow.ly/ xjfF50QsUP4"
smish,"ржкрзНрж░рж┐ржпрж╝ ржЧрзНрж░рж╛рж╣ржХ, рж╕ржорж╛ржЬржХрж▓рзНржпрж╛ржг ржЕржлрж┐рж╕ ржерзЗржХрзЗ ржЖржкржирж╛ржХрзЗ ржмржпрж╝рж╕рзНржХ ржнрж╛рждрж╛рж░ ржЬржирзНржп ржирж┐рж░рзНржмрж╛ржЪржи ржХрж░рж╛ рж╣ржпрж╝рзЗржЫрзЗред ржирж┐ржЪрзЗрж░ рж▓рж┐ржВржХрзЗ ржХрзНрж▓рж┐ржХ ржХрж░рзЗ ржЖржкржирж╛рж░ рждржерзНржп ржкрзНрж░ржжрж╛ржи ржХрж░рзБржиред"
normal,рзжрззрзмрзнрзирзлрзнрзйрзорзнрзп ржирж╛ржорзНржмрж╛рж░рзЗ ржжрзНрж░рзБржд ржмрж┐ржХрж╛рж╢ ржХрж░рзБржиред
promo,"рзирзжрзжрз│ ржХрзНржпрж╛рж╢ржмрзНржпрж╛ржХ!рзмрзжржЬрж┐ржмрж┐+рззрзжрзжрзжржорж┐ржирж┐ржЯ @рзмрзпрзпрз│ рзйрзжржжрж┐ржи,ржирж┐рзЯрзЗ ржирж╛ржУ- cutt.ly/aAhiAsI
"
promo,ржПржкрзНрж░рж┐рж▓рзЗ рзлржЬрж┐ржмрж┐ ржбрж╛ржЯрж╛ use ржХрж░рзЗ ржорзЗ ржорж╛рж╕рзЗ ржкрж╛ржмрзЗ lowest ржХрж▓рж░рзЗржЯ- cutt.ly/0AA4sic
promo,"рждрзЛржорж╛рж░ ржЬржирзНржп рж╕рзНржкрзЗрж╢рж╛рж▓ ржбрж┐рж▓!рззрзжржЬрж┐ржмрж┐+рзирзлрзжржорж┐ржирж┐ржЯ @рз│рзирзлрзж,рзйрзжржжрж┐ржиржГ cutt.ly/Lwg2MRlr"
normal,ржХрж┐ ржЦржмрж░ рждрзЛржорж╛рж░?
normal,"рж╣рж╛ржЗ, ржЖржорж┐ ржПржЦрж╛ржирзЗред"
normal,ржирж╛ ржмрж▓рж▓рзЗ ржЬрж╛ржирждрж╛ржоржЗ ржирж╛
smish,ржЖржкржирж╛рж░ ржбрзЗржмрж┐ржЯ ржХрж╛рж░рзНржбржЯрж┐ ржЕржмрж┐рж▓ржорзНржмрзЗ ржЖржкржбрзЗржЯ ржХрж░рзБржиред ржПржЦрж╛ржирзЗ ржХрзНрж▓рж┐ржХ ржХрж░рзБржи: [debitcardupdate.com/UpdateBD]
smish,"ржЬржирждрж╛ ржмрзНржпрж╛ржВржХ ржерзЗржХрзЗ рзи,рзжрзжрзж ржЯрж╛ржХрж╛ ржкрзБрж░рж╕рзНржХрж╛рж░ ржЬрж┐рждрзЗржЫрзЗржи! ржХрж▓ ржХрж░рзБржи: +8801714455667"
normal,"ржЖржкржирж┐ ржпржжрж┐ ржЗрж╕рж▓рж╛ржоржХрзЗ ржЪрж░рзНржЪрж╛ ржирж╛ ржХрж░рзЗржи, ржжржпрж╝рж╛ржХрж░рзЗ ржЗрж╕рж▓рж╛ржо рж╕ржорзНржкрж░рзНржХрзЗ ржХрж┐ржЫрзБ ржмрж▓рждрзЗ ржЖрж╕ржмрзЗржи ржирж╛! -[ржбрж╛: ржЬрж╛ржХрж┐рж░ ржирж╛ржпрж╝рж┐ржХ]"
smish,ржХрзНржпрж╛рж╕рж┐ржирзЛрждрзЗ ржмрзЗржЯ ржХрж░рзБржи ржПржмржВ рззрзжрзж% ржмрзЛржирж╛рж╕ ржЬрж┐рждрзБржи! ржПржЦрж╛ржирзЗ рж╢рзБрж░рзБ ржХрж░рзБржи: super1000.info/docs
smish,ржЬржирждрж╛ ржмрзНржпрж╛ржВржХ ржЕрзНржпрж╛ржХрж╛ржЙржирзНржЯрзЗ рж╕ржорж╕рзНржпрж╛ рж╣ржпрж╝рзЗржЫрзЗред ржХрж▓ ржХрж░рзБржи: +8801816566678
smish,рзирзк ржШржгрзНржЯрж╛рж░ ржоржзрзНржпрзЗ рзл рж▓ржХрзНрж╖ ржЯрж╛ржХрж╛ рж▓рзЛржи ржирж┐рж╢рзНржЪрж┐рждред ржХрзЛржи ржЬржорж╛ ржмрж╛ ржжрж╛рж▓рж╛рж▓рж┐ ржирзЗржЗред ржЖржЬржЗ ржЖржмрзЗржжржи ржХрж░рзБржиред ржпрзЛржЧрж╛ржпрзЛржЧ: рзжрззрзорзмрзнрзлрзкрзмрзйрзорзп
smish,рж╕рзЛржирж╛рж▓рзА ржмрзНржпрж╛ржВржХ ржЕрзНржпрж╛ржХрж╛ржЙржирзНржЯ ржЖржкржбрзЗржЯ ржХрж░рждрзЗ ржПржЦрж╛ржирзЗ ржХрзНрж▓рж┐ржХ ржХрж░рзБржи: https://wa.me/8801812122234
normal,ржмржЗ ржкржбрж╝рж╛рж░ ржкрж░рж┐ржмрж╛рж░ ржирж┐рж░рзНржорж╛ржгрзЗрж░ ржЬржирзНржп рж╕ржоржпрж╝ ржжрж┐рждрзЗ ржЪрж╛ржЗред
normal,"рж╣рж╛ржЗ, ржХрж┐ рждрзБржорж┐?"
normal,"ржЖржкржирж╛рж░ ржкрж╛ржУржирж╛ рзорзжрзж/- ржЯрж╛ржХрж╛, ржжрзНрж░рзБржд ржкрж░рж┐рж╢рзЛржз ржХрж░рзБржиред"
smish,"ржиржЧржж ржЕрзНржпрж╛ржХрж╛ржЙржирзНржЯ ржерзЗржХрзЗ рзл,рзжрзжрзж ржЯрж╛ржХрж╛ ржкрзБрж░рж╕рзНржХрж╛рж░ ржЬрж┐рждрзЗржЫрзЗржи! ржмрж┐рж╕рзНрждрж╛рж░рж┐ржд ржЬрж╛ржирждрзЗ ржПржЦрж╛ржирзЗ ржХрзНрж▓рж┐ржХ ржХрж░рзБржи: https://t.me/NagadWinBot"
normal,"ржПржЗ ржирж╛ржорзНржмрж╛рж░рзЗ рзирзжрзжрзж/- ржЯрж╛ржХрж╛ ржкрж╛ржарж╛ржУ рзжрззрзнрзйрзпрзорзйрзорзорзй , ржмрж┐ржХрж╛рж╢ рж░ржХрзЗржЯ ржмрж╛ ржиржЧржжрзЗ"
smish,"ржЖржкржирж╛рж░ ржмрзНржпрж╛ржВржХ ржЕрзНржпрж╛ржХрж╛ржЙржирзНржЯрзЗ рзлрзж,рзжрзжрзж ржЯрж╛ржХрж╛ ржЬржорж╛ рж╣ржпрж╝рзЗржЫрзЗ! ржирж┐рж╢рзНржЪрж┐ржд ржХрж░рждрзЗ ржХрж▓ ржХрж░рзБржи: +8801711234567"
promo,"рзлржЬрж┐ржмрж┐+рззрзлрзжржорж┐ржирж┐ржЯ рззрзйрзжржЯрж╛ржХрж╛ (рзйрзжржжрж┐ржи),ржбрж╛рзЯрж╛рж▓ *рззрзирзз*рзлрзирзжрзл# ржмрж╛ https://mygp.li/a0"
smish,ржЖржкржирж╛рж░ ржЫрзЗрж▓рзЗ рж╕ржорж╕рзНржпрж╛рзЯ ржЖржЫрзЗ ржЬрж▓ржжрж┐ ржЯрж╛ржХрж╛ ржкрж╛ржарж╛ржи ржПржЗ ржирж╛ржорзНржмрж╛рж░рзЗ
promo,"тАЬрж╕рзНржмрж╛рж╕рзНржерзНржп, ржкрзБрж╖рзНржЯрж┐ ржУ рж╕ржорзГржжрзНржзрж┐ ржЪрж╛ржЗ, ржирж┐рж░рж╛ржкржж ржЦрж╛ржжрзНржпрзЗрж░ ржмрж┐ржХрж▓рзНржк ржирж╛ржЗтАЭред рзжрзи ржлрзЗржмрзНрж░рзБрзЯрж╛рж░рж┐ ржЬрж╛рждрзАрзЯ ржирж┐рж░рж╛ржкржж ржЦрж╛ржжрзНржп ржжрж┐ржмрж╕ рзирзжрзирзк рж╕ржлрж▓ рж╣рзЛржХред ржмрж╛ржВрж▓рж╛ржжрзЗрж╢ ржирж┐рж░рж╛ржкржж ржЦрж╛ржжрзНржп ржХрж░рзНрждрзГржкржХрзНрж╖, ржЦрж╛ржжрзНржп ржоржирзНрждрзНрж░ржгрж╛рж▓рзЯред"
smish,"Dear Customer,

рзирзй-рзжрзи-рзирзжрзирзж рждрж╛рж░рж┐ржЦрзЗ ржХрж╛рж░рзНржб XX ржжрж┐ржпрж╝рзЗ Rs.8990 рж▓рзЗржиржжрзЗржи рж╣ржпрж╝рзЗржЫрзЗ K Enterprice ds POS/ECOM ржерзЗржХрзЗред рж▓рзЗржиржжрзЗржи ржиржорзНржмрж░ ржкрж╛ржУржпрж╝рж╛ ржпрж╛ржпрж╝ржирж┐ред ржпржжрж┐ ржПржЯрж┐ ржЖржкржирж╛рж░ ржжрзНржмрж╛рж░рж╛ ржирж╛ рж╣ржпрж╝рзЗ ржерж╛ржХрзЗ, рждржмрзЗ рж░рзЗржЬрж┐рж╕рзНржЯрж╛рж░ржб ржорзЛржмрж╛ржЗрж▓ ржиржорзНржмрж░ ржерзЗржХрзЗ 18604195555 ржП ржПрж╕ржПржоржПрж╕ ржкрзНрж░рзЗрж░ржг ржХрж░рзБржиред"
normal,ржкрж╛ржЦрж┐рж░рж╛ ржЧрж╛ржЫрзЗ ржЦрзБржм рж╕рзБржирзНржжрж░ ржЧрж╛ржи ржЧрж╛ржпрж╝ред
smish,"ржХрзНржпрж╛рж╕рж┐ржирзЛрждрзЗ ржмрж╛ржЬрж┐ ржзрж░рзБржи ржПржмржВ рззрзж,рзжрзжрзж ржЯрж╛ржХрж╛ ржХрзНржпрж╛рж╢ржмрзНржпрж╛ржХ ржЬрж┐рждрзБржи! рж╢рзБрж░рзБ ржХрж░рзБржи: xini.eu/00Qe"
smish,"ржкрзНрж░рж┐ржпрж╝ xxx, ржЕржнрж┐ржиржирзНржжржи! ржЖржкржирж╛рж░ ржЖржмрзЗржжржи ржПржмржВ рж░рж┐ржЬрж┐ржЙржо ржпрж╛ржЪрж╛ржЗ ржХрж░рж╛рж░ ржкрж░рзЗ, ржЖржорж░рж╛ ржЖржиржирзНржжрзЗрж░ рж╕рж╛ржерзЗ ржПржХржЯрж┐ ржЪрж╛ржХрж░рж┐рж░ ржкрзНрж░рж╕рзНрждрж╛ржм ржжрж┐ржЪрзНржЫрж┐ред ржЖржкржирж╛рж░ ржЧрзНрж░рж╣ржгржпрзЛржЧрзНржпрждрж╛ ржжрж┐ржпрж╝рзЗ ржПржЗ ржЗржорзЗрж▓ржЯрж┐рж░ ржЙрждрзНрждрж░ ржжрж┐ржи ржПржмржВ ржмрзЗрждржи ржЬржорж╛ ржжрзЗржУржпрж╝рж╛рж░ ржЬржирзНржп ржЖржкржирж╛рж░ ржмрзНржпрж╛ржВржХрзЗрж░ ржмрж┐ржмрж░ржг ржкрзНрж░ржжрж╛ржи ржХрж░рзБржиред"
normal,рждрзБржорж┐ ржХрж┐ ржмржЗржпрж╝рзЗрж░ ржжрзЛржХрж╛ржирзЗ ржпрж╛ржЪрзНржЫрзЛ?
promo,рж╢рзБржзрзБ ржЖржЬржХрзЗрж░ ржЕржлрж╛рж░! рзкрзжржЬрж┐ржмрж┐ (ржмрзЛржирж╛рж╕рж╕рж╣) рзлрзжрзжржЯрж╛ржХрж╛ рзйрзжржжрж┐ржиредржбрж╛рзЯрж╛рж▓ *рззрзирзз*рзлрзжрзкрзп# ржмрж╛ mygp.li/mo
promo,ржмрзЛржирж╛рж╕ рж╕рж╣ рззржЬрж┐ржмрж┐-рзйрзжржЯрж╛ржХрж╛-рзйржжрж┐ржиред ржбрж╛рзЯрж╛рж▓ *рззрзирзз*рзлрзирззрзл# ржмрж╛ https://mygp.li/mo
promo,"ржкрзНрж░рзЛ-рж▓рзЗржнрзЗрж▓ ржЗржирзНржЯрж╛рж░ржирзЗржЯрж┐ржВржпрж╝рзЗ ржкржХрзЗржЯ рж╕рзЗржнрж┐ржВ- рзйржЬрж┐ржмрж┐@рз│рзпрзо,рзн ржжрж┐ржи cutt.ly/9wEyjoLc"
smish,рж╕рзЛржирж╛рж▓рзА ржмрзНржпрж╛ржВржХ ржЕрзНржпрж╛ржХрж╛ржЙржирзНржЯрзЗ рж╕ржорж╕рзНржпрж╛ рж╣ржпрж╝рзЗржЫрзЗред ржХрж▓ ржХрж░рзБржи: +8801813233345
smish,"ржЖржкржирж┐ ржЪрж╛ржХрж░рж┐рж░ ржкрж░рзНржпрж╛рж▓рзЛржЪржирж╛ржпрж╝ ржкрж╛рж╕ рж╣ржпрж╝рзЗржЫрзЗржи ржПржмржВ ржкрзНрж░рждрж┐ржжрж┐ржи рзи,рзжрзжрзж ржЯрж╛ржХрж╛ ржмрзЗрждржи ржкрж╛ржмрзЗржиред ржпрзЛржЧрж╛ржпрзЛржЧ : https://wa.me/8801726768680"
promo,"рззрзорзжрз│ ржХрзНржпрж╛рж╢ржмрзНржпрж╛ржХрзЗ рж╕рзЗрж░рж╛ ржЕржлрж╛рж░ рзмрззржЬрж┐ржмрж┐+рззрзжрзжрзжржорж┐@ рз│рзнрззрзп,рзйрзжржжрж┐ржи: cutt.ly/wwE5YMXC"
smish,"ржжрж┐ржирзЗ рзирзжрзж-рзйрзжрзж ржЯрж╛ржХрж╛ ржЗржиржХрж╛ржо ржХрж░рждрзЗ ржЪрж╛ржЗрж▓рзЗ рж▓рж┐ржВржХрзЗ ржХрзНрж▓рж┐ржХ ржХрж░рзБржи
https://t.me/Referincome3838_bot?start=r02263807585"
normal,"ржЖржкржирж╛рж░ ржкрж╛ржУржирж╛ рзорзжрзж/- ржЯрж╛ржХрж╛, ржжрзНрж░рзБржд ржкрж░рж┐рж╢рзЛржз ржХрж░рзБржиред"
promo,"ржжрзГрж╖рзНржЯрж┐ржиржирзНржжржи рж╕рзНржерж╛ржкрждрзНржпржХрж▓рж╛рзЯ ржЕржиржирзНржп, ржбрж╛рзЯржоржирзНржб ржУрзЯрж╛рж░рзНрж▓рзНржбрзЗрж░ ""ржжрзНржп рж╕рж┐ржЧржирзЗржЪрж╛рж░"" рж╢рзЛрж░рзБржорзЗрж░ ржЙржжрзНржмрзЛржзржи рж╣ржЪрзНржЫрзЗ ржЖржЬ ржмрж┐ржХрзЗрж▓ рзкржЯрж╛рзЯред ржЖржкржирж╛рж░ рж╕ржкрж░рж┐ржмрж╛рж░рзЗ ржЙржкрж╕рзНржерж┐рждрж┐ ржУ ржжрзЛрзЯрж╛ ржЖржорж╛ржжрзЗрж░ ржПржХрж╛ржирзНржд ржХрж╛ржорзНржпред ржкрзНрж░рзЯрзЛржЬржирзЗ: рзжрззрзнрззрзйрззрзпрзпрзирзнрзж"
smish,ржЖржкржирж╛рж░ bKash ржЕрзНржпрж╛ржХрж╛ржЙржирзНржЯ ржмрзНрж▓ржХ рж╣ржпрж╝рзЗржЫрзЗред ржкрзБржирж░рж╛ржпрж╝ рж╕ржХрзНрж░рж┐ржпрж╝ ржХрж░рждрзЗ ржХрж▓ ржХрж░рзБржи: +8801819876543
normal,рждрзБржорж┐ ржХрж┐ рж╕рж┐ржирзЗржорж╛ рж╣рж▓рзЗ ржпрж╛ржЪрзНржЫрзЛ?
smish,"ржмрзЗржХрж╛рж░ ржпрзБржмржХ, ржпрзБржмрждрзА, ржЧрзГрж╣рж┐ржгрзА, рж░рж┐ржЯрж╛ржпрж╝рж╛рж░рзНржб ржмрзНржпржХрзНрждрж┐ржжрзЗрж░ ржЬржирзНржп ржШрж░рзЗ ржмрж╕рзЗ ржЕржирж▓рж╛ржЗржирзЗ рж╕рзНржмрж▓рзНржк рж╕ржоржпрж╝рзЗ ржкрзНрж░ржЪрзБрж░ ржЯрж╛ржХрж╛ ржЙржкрж╛рж░рзНржЬржи ржХрж░рж╛рж░ рж╕рзБржмрж░рзНржг рж╕рзБржпрзЛржЧ"
normal,ржЖрж╕рж╕рж╛рж▓рж╛ржорзБржпрж╝рж╛рж▓рж╛ржЗржХрзБржоред
normal,рждрзБржорж┐ ржХрзЛржерж╛ржпрж╝ ржЖржЫрзЛ?
promo,"ржирждрзБржи рж╕рзНржпрж╛ржорж╕рж╛ржВ ржлрзЛржирзЗ рззрзж% ржбрж┐рж╕ржХрж╛ржЙржирзНржЯ! рж╕рзНржЯржХ рж╕рзАржорж┐ржд, ржЖржЬржЗ ржХрж┐ржирзБржи!"
promo,"рззрзйрзжржЯрж╛ржХрж╛рзЯ рззрзлрзжржорж┐ржирж┐ржЯ(рзйрзжржжрж┐ржи) рж╕рж╛ржерзЗ ржмрзЛржирж╛рж╕,ржирж┐рждрзЗ*рззрзирзз*рзлрзирзжрзл#  https://mygp.li/a0"
normal,ржЖржкржирж┐ ржХрж┐ ржХрж░рждрзЗ ржкрж╛рж░рзЗржи?
promo,"тАЬрж╕рж░рзНржмржЬржирзАржи ржкрзЗржирж╢ржи рж╕рзНржХрж┐ржорзЗ ржирж┐ржмржирзНржзржи ржХрж░рзБржи;
ржЙржирзНржиржд ржУ ржХрж▓рзНржпрж╛ржг рж░рж╛рж╖рзНржЯрзНрж░ ржЧржаржирзЗ ржЕржмржжрж╛ржи рж░рж╛ржЦрзБржитАЭ-ржЬрж╛рждрзАрзЯ ржкрзЗржирж╢ржи ржХрж░рзНрждрзГржкржХрзНрж╖ред"
promo,"ржПржкрзНрж░рж┐рж▓-рзирзк
рж░рж┐ржЪрж╛рж░рзНржЬ:0рз│
ржЦрж░ржЪ:
ржбрзЗржЯрж╛:19рз│
ржнрзЯрзЗрж╕:66рз│
ржЕржирзНржпрж╛ржирзНржп:0рз│"
smish,"ржлрзНрж░рж┐ ржЗржиржХрж╛ржо ржХрж░рждрзЗ ржЪрж╛ржЗрж▓рзЗ ржирж┐ржЪрзЗрж░ рж▓рж┐ржВржХрзЗ ржХрзНрж▓рж┐ржХ ржХрж░рзБржи редржкрзНрж░рждрж┐ржжрж┐ржи 1000-1500 ржЯрж╛ржХрж╛ ржЗржиржХрж╛ржо ред ржкрзНрж░рждрж┐ рж░рзЗржлрж╛рж░рзЗ 250 ржЯрж╛ржХрж╛ ред
https://t.me/Trust_earning_Airdropbot?start=r04351947315"
normal,ржЖржорж┐ ржпрзЗржи ржЦрзБржм ржжрзБржГржЦрж┐ржд рж╣ржЗржЫрж┐ред
smish,"рзл,рзжрзжрзж ржЯрж╛ржХрж╛ ржмрж┐ржирж┐ржпрж╝рзЛржЧрзЗ рзирзж,рзжрзжрзж ржЯрж╛ржХрж╛ ржкрж╛ржи! ржХрж▓ ржХрж░рзБржи: +8801918899001"
promo,"рзлржЬрж┐ржмрж┐+рззрзлрзжржорж┐ржирж┐ржЯ рззрзйрзжржЯрж╛ржХрж╛ (рзйрзжржжрж┐ржи),ржбрж╛рзЯрж╛рж▓ *рззрзирзз*рзлрзирзжрзл# ржмрж╛ https://mygp.li/a0"
promo,"Call duration 00:02:51, charged 3.6 Taka, remaining balance is   10.94  Taka"
smish,ржирждрзБржи рж╕рж┐ржо ржирж┐ржи ржПржмржВ ржмрж┐ржирж╛ржорзВрж▓рзНржпрзЗ рзлрзжGB ржЗржирзНржЯрж╛рж░ржирзЗржЯ ржкрж╛ржи! ржХрзНрж▓рж┐ржХ ржХрж░рзБржи: https://ak76.xyz/?y=ep1669102548
promo,ржлрзНрж▓рзНржпрж╛ржЯ рззрзл% ржбрж┐рж╕ржХрж╛ржЙржирзНржЯ рж╕ржм рж╢ржкрж┐ржВржпрж╝рзЗред ржХрзЛржб: DISCOUNT15.
normal,рзжрззрзорзирзнрзйрзорзирзнрзйрзп ржПржЗ ржирж╛ржорзНржмрж╛рж░рзЗ ржжрзНрж░рзБржд ржЯрж╛ржХрж╛ ржкрж╛ржарж╛ржУред
normal,ржЖржЬржХрзЗ рждрзЛржорж╛рж░ ржжрж┐ржи ржХрзЗржоржи ржХрж╛ржЯржЫрзЗ?
promo,ржирждрзБржи ржЧрзНрж░рж╛рж╣ржХржжрзЗрж░ ржЬржирзНржп рж╕рзНржкрзЗрж╢рж╛рж▓ ржЕржлрж╛рж░! ржЖржорж╛ржжрзЗрж░ рж╕рж╛рж░рзНржнрж┐рж╕рзЗ рзйрзж% ржЫрж╛ржбрж╝ред
normal,ржмрж╛рж╕рж╛ржпрж╝ ржЦрзБржм рж╢рж╛ржирзНрждрж┐ ржЖржЫрзЗред
smish,ржмрж┐ржирж╛ржорзВрж▓рзНржпрзЗ ржХрзНрж░рж┐ржкрзНржЯрзЛ ржкрж╛ржУржпрж╝рж╛рж░ рж╕рзБржпрзЛржЧ! ржПржЦрж╛ржирзЗ ржХрзНрж▓рж┐ржХ ржХрж░рзБржи: http://bit.ly/FreeCrypto
normal,рж╢рзБржн рж░ржоржЬрж╛ржирзЗрж░ рж░рж╣ржорждрзЗрж░ ржорж╛рж╕!
smish,ржЖржкржирж╛рж░ ржиржорзНржмрж░ржЯрж┐ ржПржХржЯрж┐ ржмрж┐рж╢рзЗрж╖ ржЕржлрж╛рж░рзЗ ржирж┐рж░рзНржмрж╛ржЪрж┐ржд рж╣ржпрж╝рзЗржЫрзЗ! ржкрзБрж░рж╕рзНржХрж╛рж░ ржкрзЗрждрзЗ ржХрж▓ ржХрж░рзБржи +8801711122334
smish,ржЬржирждрж╛ ржмрзНржпрж╛ржВржХ ржЕрзНржпрж╛ржХрж╛ржЙржирзНржЯ ржЖржкржбрзЗржЯ ржХрж░рждрзЗ ржПржЦрж╛ржирзЗ ржХрзНрж▓рж┐ржХ ржХрж░рзБржи: https://t.me/JanataUpdateBot2
smish,ржЖржкржирж╛рж░ ржкрзЗржирзНржбрж┐ржВ ржмрж┐рж▓ржЯрж┐ ржкрзЗржорзЗржирзНржЯ ржХрж░рзБржи ржПржмржВ ржЕржмрж┐рж▓ржорзНржмрзЗ ржпрзЛржЧрж╛ржпрзЛржЧ ржХрж░рзБржи +8801812345678
normal,рждрзЛржорж╛рж░ рж╕ржоржпрж╝ ржХрзЛржерж╛ржпрж╝ ржпрж╛ржЪрзНржЫрзЗ?
promo,"рзйрзжрз│ ржХрзНржпрж╛рж╢ржмрзНржпрж╛ржХ! рзйрззржЬрж┐ржмрж┐+рзкрзлрзжржорж┐.@рзкрзмрзпрз│ рзйрзжржжрж┐ржи, ржирж┐ржпрж╝рзЗ ржирж╛ржУ: cutt.ly/hwTmxGd8"
promo,"рж╣ржЯрж╢ржЯ ржХрзНржпрж╛рж╢ржмрзНржпрж╛ржХ рз│рззрзо! рж╣ржЯрж╕рзНржкржЯ ржбрж┐рж▓рзЗ рзирзиржЬрж┐ржмрж┐@рз│рззрзнрзп, рзнржжрж┐ржи: cutt.ly/fwLo4TBP"
normal,рждрзБржорж┐ ржХрж┐ ржЬрж┐ржорзЗ ржпрж╛ржЪрзНржЫрзЛ?
promo,ржмрзЛржирж╛рж╕ рж╕рж╣ рзиржЬрж┐ржмрж┐-рзкрзжржЯрж╛ржХрж╛-рзнржжрж┐ржиред ржбрж╛рзЯрж╛рж▓ *рззрзирзз*рзлрзжрзйрзн# ржмрж╛ mygp.li/mo
promo,"ржХрзНржпрж╛рж╢ржмрзНржпрж╛ржХрзЗ рж╕рзЗржЮрзНржЪрзБрж░рж┐ рз│рззрзжрзж! рзйрзжржЬрж┐ржмрж┐+рзлрзжрзжржорж┐. @рз│рзйрзпрзп,рзйрзжржжрж┐ржи: cutt.ly/AwkY4L2C"
smish,ржмрж╛ржВрж▓рж╛ржжрзЗрж╢ ржмрзНржпрж╛ржВржХ ржЕрзНржпрж╛ржХрж╛ржЙржирзНржЯ ржмрзНрж▓ржХ рж╣ржпрж╝рзЗржЫрзЗред ржкрзБржирж░рж╛ржпрж╝ ржЪрж╛рж▓рзБ ржХрж░рждрзЗ ржХрж▓ ржХрж░рзБржи: +8801718788890
normal,"ржЖржкржирж╛рж░ ржмрж┐ржжрзНржпрзБрзО ржмрж┐рж▓ ржмрж╛ржХрж┐ рзпрзлрзж/- ржЯрж╛ржХрж╛, ржЬрж▓ржжрж┐ ржкрж░рж┐рж╢рзЛржз ржХрж░рзБржиред"
smish,"""ржЕржнрж┐ржиржирзНржжржи! ржЖржкрзНржирж┐ ржкрж╛рж╕рзЗржи"" ""ржмрж┐ржХрж╛рж╢"""" & BRAC""""N.G.O"""" pokko teke """"STUDENT ржмрзГрждрзНрждрж┐"""" (ржЯрж╛ржХрж╛-10,499/) ржЖржкржирж╛рж░ ржкрж░рж┐ржорж╛ржг ржЖржЗржбрж┐: ржПржЦржи ржЖржкржирж╛рж░ ржкрзНрж░рж╛рж░рзНржерзА ржирж┐рж░рзНржмрж╛ржЪржи ржХрж░рзБржи: Bestarito Janta Call korun office: 01794567889 (am 11 to 5pm} ржУржерзЛржнрж╛""""ржарж┐ржХ ржЖржЫрзЗ""""рж▓рж┐ржЦрж╛ ржПрж╕ржПржоржПрж╕ ржХрж░ржм? ржЖржоржбрж╝рж╛ ржЖржкржирзЗрж░ ржХрзЗржЪрж╛ ржХрж▓ ржХрж░ржмрзЛ.!"""
promo,тАШрж╕рзНржорж╛рж░рзНржЯ ржорзЛржмрж╛ржЗрж▓ ржлрзЛржирзЗ ржкрзНрж░ржжрж░рзНрж╢ржи ржХрж░рзЗ ржЗ-ржбрзНрж░рж╛ржЗржнрж┐ржВ рж▓рж╛ржЗрж╕рзЗржирзНрж╕ ржмрзНржпржмрж╣рж╛рж░ ржХрж░рж╛ ржпрж╛ржмрзЗредтАЩ-ржмрж┐ржЖрж░ржЯрж┐ржП
normal,ржХрж┐ ржЦржмрж░ рждрзЛржорж╛рж░ ржжрж┐ржи?
promo,"ржмрж╛ржбрж╝рж┐рж░ ржбрзЗржХрзЛрж░ ржЖржЗржЯрзЗржорзЗ рзирзж% ржЫрж╛ржбрж╝ред рж╕рзНржЯржХ рж╕рзАржорж┐ржд, ржжрзЗрж░рж┐ ржХрж░ржмрзЗржи ржирж╛ред"
normal,"рждрзБржорж┐ ржкрж╛рж░ржмрзЗ, рж╢рзБржзрзБ рж▓рзЗржЧрзЗ ржерж╛ржХрзЛред"
normal,рзжрззрзорзирзнрзирзорзйрзпрзлрзз ржирж╛ржорзНржмрж╛рж░рзЗ ржХрж▓ ржХрж░рзБржиред
promo,"ржЗржирзНржЯрж╛рж░ржирзЗржЯрж┐ржВржпрж╝рзЗ ржкржХрзЗржЯ рж╕рзЗржнрж┐ржВ, ржирж╛ржУ рззрзжржЬрж┐ржмрж┐@рз│рззрзлрзо, рзнржжрж┐ржи: cutt.ly/FwUC6vh"
normal,ржЖржЬ ржХрзЗржоржи рж▓рж╛ржЧржЫрзЗ рждрзЛржорж╛ржХрзЗ? ржарж┐ржХ ржЖржЫрж┐ред ржЖржкржирж╛рж░ ржХрзЗржоржи рж▓рж╛ржЧржЫрзЗ?
promo,"тАЬржЖржкржирж╛рж░ ржЬрзАржмржи, рж╕рзНржмрж╛рж╕рзНржерзНржп ржУ рж╕ржорзНржкржжрзЗрж░ ржЕржирж╛ржХрж╛ржЩрзНржЦрж┐ржд/ржжрзБрж░рзНржШржЯржирж╛ржЬржирж┐ржд ржХрзНрж╖рждрж┐ рж▓рж╛ржШржмрзЗрж░ ржмрзНржпржмрж╕рзНржерж╛ рж╣рж▓рзЗрж╛ ржмрзАржорж╛ред ржмрзАржорж╛ ржХрж░рзБржи, ржЭрзБржБржХрж┐ржорзБржХрзНржд ржерж╛ржХрзБржитАЭ-ржмрзАржорж╛ ржЙржирзНржирзЯржи ржУ ржирж┐рзЯржирзНрждрзНрж░ржг ржХрж░рзНрждрзГржкржХрзНрж╖ред"
normal,ржЖржкржирж╛рж░ ржжрж┐ржи ржХрзЗржоржи ржХрж╛ржЯржЫрзЗ?
smish,ржЖржкржирж╛рж░ ржХрзНрж░рзЗржбрж┐ржЯ ржХрж╛рж░рзНржбрзЗрж░ ржмрж┐рж▓ ржкрзЗржорзЗржирзНржЯ ржорж┐рж╕ рж╣ржпрж╝рзЗржЫрзЗред ржПржЦрж╛ржирзЗ ржХрзНрж▓рж┐ржХ ржХрж░рзЗ ржкрзЗржорзЗржирзНржЯ ржХрж░рзБржи: http://bit.ly/PayBill
smish,ржХрзЛржи ржХрзНрж░рзЗржбрж┐ржЯ ржЪрзЗржХ ржЫрж╛ржбрж╝рж╛ржЗ рззрзжрзж% ржХрзНрж░рзЗржбрж┐ржЯ ржХрж╛рж░рзНржб ржЕржирзБржорзЛржжржиред ржЖржЬржЗ ржЖржмрзЗржжржи ржХрж░рзБржиред ржпрзЛржЧрж╛ржпрзЛржЧ: рзжрззрзлрзмрзнрзлрзкрзмрзйрзпрзж
promo,"рззрзлрзжрз│ ржХрзНржпрж╛рж╢ржмрзНржпрж╛ржХрзЗ ржирж╛ржУ ржбрж╛ржЯрж╛ ржорж┐ржХрзНрж╕рж╛рж░ рзорзжржЬрж┐ржмрж┐@рз│рзмрзпрзп,рзйрзжржжрж┐ржи: cutt.ly/lwMwLrfw"
smish,ржЕрзНржпрж╛ржкрж▓ ржЖржЗржлрзЛржи рззрзо ржЬрж┐рждрзЗржЫрзЗржи! ржбрзЗрж▓рж┐ржнрж╛рж░рж┐ ржирж┐рж╢рзНржЪрж┐ржд ржХрж░рждрзЗ ржХрж▓ ржХрж░рзБржи: +8801810900912
smish,"Dear Customer,

рзирзй-рзжрзи-рзирзжрзирзж рждрж╛рж░рж┐ржЦрзЗ ржХрж╛рж░рзНржб XX ржжрж┐ржпрж╝рзЗ Rs.8990 рж▓рзЗржиржжрзЗржи рж╣ржпрж╝рзЗржЫрзЗ K Enterprice ds POS/ECOM ржерзЗржХрзЗред рж▓рзЗржиржжрзЗржи ржиржорзНржмрж░ ржкрж╛ржУржпрж╝рж╛ ржпрж╛ржпрж╝ржирж┐ред ржпржжрж┐ ржПржЯрж┐ ржЖржкржирж╛рж░ ржжрзНржмрж╛рж░рж╛ ржирж╛ рж╣ржпрж╝рзЗ ржерж╛ржХрзЗ, рждржмрзЗ рж░рзЗржЬрж┐рж╕рзНржЯрж╛рж░ржб ржорзЛржмрж╛ржЗрж▓ ржиржорзНржмрж░ ржерзЗржХрзЗ 18604195555 ржП ржПрж╕ржПржоржПрж╕ ржкрзНрж░рзЗрж░ржг ржХрж░рзБржиред"
normal,рж╢рзБржн рж░рж╛рждрзНрж░рж┐!
normal,рж╢рзБржн ржмрзИрж╢рж╛ржЦрзА!
smish,ржЖржкржирж╛рж░ ржПржХрж╛ржЙржирзНржЯ рж╣рзНржпрж╛ржХ рж╣рждрзЗ ржкрж╛рж░рзЗред ржжрзНрж░рзБржд рзйрзжрзжрзж ржЯрж╛ржХрж╛ ржкрж╛ржарж╛ржи ржПржЗ ржирж╛ржорзНржмрж╛рж░рзЗ: рзжрззрзнрзорзпрзмрзлрзкрзйрзиред
normal,"ржзрзИрж░рзНржп ржзрж░рзЛ, ржнрж╛рж▓рзЛ рж╕ржоржпрж╝ ржЖрж╕ржмрзЗред"
promo,ржлрзНрж▓рзНржпрж╛ржЯ рззрзл% ржбрж┐рж╕ржХрж╛ржЙржирзНржЯ рж╕ржм рж╢ржкрж┐ржВржпрж╝рзЗред ржХрзЛржб: DISCOUNT15.
normal,ржИржж ржорзЛржмрж╛рж░ржХ!
normal,"рзжрззрзпрзирзнрзирзорзйрзнрзмрзл ржПржЗ ржирж╛ржорзНржмрж╛рж░рзЗ ржмрж┐ржХрж╛рж╢ ржХрж░рзБржи, ржжрзНрж░рзБрждред"
smish,ржПржХржЯрж┐ Samsung Galaxy ржлрзЛржи ржЬрзЗрждрж╛рж░ рж╕рзБржпрзЛржЧ! ржПржЗ ржмрж╛рж░рзНрждрж╛ржпрж╝ 'GALAXY' ржЙрждрзНрждрж░ ржжрж┐ржиред
normal,рж╕рзБржкрзНрж░ржнрж╛ржд!
smish,"рзз,рзжрзж,рзжрзжрзж ржЯрж╛ржХрж╛ ржмрж┐ржирж┐ржпрж╝рзЛржЧрзЗ рзи,рзжрзж,рзжрзжрзж ржЯрж╛ржХрж╛ ржкрж╛ржи! ржХрж▓ ржХрж░рзБржи: +8801919899901"
normal,"рждрзБржорж┐ ржХрж┐ ржкрзНрж░рж┐рзЯ ржмржЗ ржкрзЬржЫрзЛ? рж╣рзНржпрж╛ржБ, ржмрж┐ржЦрзНржпрж╛ржд ржмржЗ ржкржбрж╝рж┐ред"
promo,ржмрзЛржирж╛рж╕ рж╕рж╣ рззржЬрж┐ржмрж┐-рзйрзжржЯрж╛ржХрж╛-рзйржжрж┐ржиред ржбрж╛рзЯрж╛рж▓ *рззрзирзз*рзлрзирззрзл# ржмрж╛ https://mygp.li/mo
smish,ржЖржкржирж╛рж░ ржЕрзНржпрж╛ржХрж╛ржЙржирзНржЯрзЗ рж╕ржирзНржжрзЗрж╣ржЬржиржХ ржХрж╛рж░рзНржпржХрж▓рж╛ржк рж╣ржпрж╝рзЗржЫрзЗред рж▓ржЧржЗржи ржХрж░рзЗ ржпрж╛ржЪрж╛ржЗ ржХрж░рзБржи: [secureverify.com/VerifyBD]
smish,ржЬржирждрж╛ ржмрзНржпрж╛ржВржХ ржерзЗржХрзЗ ржЧрзБрж░рзБрждрзНржмржкрзВрж░рзНржг ржмрж╛рж░рзНрждрж╛ред ржХрж▓ ржХрж░рзБржи: +8801715455567
smish,"ржкрзНрж░рж┐ржпрж╝ ржмрзНржпржмрж╣рж╛рж░ржХрж╛рж░рзА, рж╕ржорж╛ржЬрж╕рзЗржмрж╛ ржЕржлрж┐рж╕ ржерзЗржХрзЗ ржЖржкржирж╛рж░ рж░рзЗржорж┐ржЯрзНржпрж╛ржирзНрж╕ ржЕрзНржпрж╛ржХрж╛ржЙржирзНржЯ рж╕рж╛ржоржпрж╝рж┐ржХржнрж╛ржмрзЗ рж╕рзНржержЧрж┐ржд ржХрж░рж╛ рж╣ржпрж╝рзЗржЫрзЗред ржкрж┐ржи рж╕рж╣ ржЕрзНржпрж╛ржХрж╛ржЙржирзНржЯржЯрж┐ ржжрж┐ржи ржпрж╛ ржкрзБржирж░рж╛ржпрж╝ ржкрзНрж░рждрж┐ржХрзНрж░рж┐ржпрж╝рж╛рж░ ржЬржирзНржп ржжрзЗржУржпрж╝рж╛ рж╣ржпрж╝рзЗржЫрзЗредржкрж┐ржи:23456"
promo,ржЕржирж▓рж╛ржЗржи рж╢ржкрж┐ржВрзЯрзЗ рзирзж% ржкрж░рзНржпржирзНржд ржбрж┐рж╕ржХрж╛ржЙржирзНржЯ! ржХрзЛржб ржмрзНржпржмрж╣рж╛рж░ ржХрж░рзЗ рж╕рзБржмрж┐ржзрж╛ ржирж┐ржиред
normal,"ржЖржорж┐ ржарж┐ржХ ржЖржЫрж┐, ржзржирзНржпржмрж╛ржжред"
promo,ржирждрзБржи ржХрж╛рж╕рзНржЯржорж╛рж░ржжрзЗрж░ ржЬржирзНржп ржмрж┐рж╢рзЗрж╖ ржбрж┐рж╕ржХрж╛ржЙржирзНржЯред ржЖржЬржЗ рж░рзЗржЬрж┐рж╕рзНржЯрж╛рж░ ржХрж░рзБржиред
promo,"ржврж╛ржХрж╛-ржорж╛ржУрзЯрж╛ ржПржХрзНрж╕ржкрзНрж░рзЗрж╕ржУрзЯрзЗ рж╕ржВрж▓ржЧрзНржи ржЖржмрж╛рж╕рж┐ржХ ржкрзНрж▓ржЯ ржХрж╛ржарж╛ ржирж┐ржорзНржирзирж▓ржХрзНрж╖
01894939231"
promo,"рзоржЬрж┐ржмрж┐(ржмрзЛржирж╛рж╕рж╕рж╣) рззрзирзйржЯрж╛ржХрж╛ рззрзлржжрж┐ржиредржбрж╛рзЯрж╛рж▓ *рззрзирзз*рзлрзлрзкрзо#, mygp.li/mo"
promo,"ржЖржЬржЗ рж╢рзЗрж╖ ржжрж┐ржи!рзлржЬрж┐ржмрж┐+рззрзлрзжржорж┐ржирж┐ржЯ рззрзйрзжржЯрж╛ржХрж╛ (рзйрзжржжрж┐ржи),ржбрж╛рзЯрж╛рж▓ *рззрзирзз*рзлрзирзжрзл# ржмрж╛ https://mygp.li/a0"
smish,рж╢рж╛ржХрж┐ржмрзЗрж░ рж╕рж╛ржерзЗ ржлрзНрж░рж┐ ржорзНржпрж╛ржЪ ржЯрж┐ржХрж┐ржЯ ржЬрж┐рждрждрзЗ ржХрзНрж░рж┐ржХрзЗржЯрзЗ ржмрж╛ржЬрж┐ ржзрж░рзБржи! рж╢рзБрж░рзБ ржХрж░рзБржи: promusic.co/components/interbank.com/
normal,ржХрж┐ ржЦржмрж░?
promo,ржорж╛рждрзНрж░ рзпрзнрз│ рзйрзжржжрж┐ржи ржмрж┐рж╢рзНржмржХрж╛ржк ржХрзНрж░рж┐ржХрзЗржЯ + рззржЬрж┐ржмрж┐ ржбрж╛ржЯрж╛ ржирж┐рждрзЗ: cutt.ly/YwmtpRRj
normal,ржЖржорж┐ ржпрзЗржи ржХрж┐ржЫрзБ ржмрж▓рждрзЗ ржкрж╛рж░рж┐ ржирж╛ред
promo,"рз│рзйрзпрзп рждрзЗ рз│рзкрзпрзп ржПрж░ ржЕржлрж╛рж░! ржирж╛ржУ рзйрззржЬрж┐ржмрж┐+рзкрзлрзжржорж┐.,рзйрзжржжрж┐ржи: cutt.ly/2wQlYv6U"
smish,ржмрж┐ржЯржХржпрж╝рзЗржи ржжрж┐ржпрж╝рзЗ рж╕рж╣ржЬрзЗ ржЕрж░рзНрже ржЙржкрж╛рж░рзНржЬржи ржХрж░рзБржи! ржЖржЬржЗ рж╢рзБрж░рзБ ржХрж░рзБржи: http://bit.ly/EasyCrypto
normal,ржмрзНржпрж╛ржпрж╝рж╛ржо ржХрж░рждрзЗ ржЕржнрзНржпрж╛рж╕ ржХрж░рждрзЗ рж╣ржмрзЗред
promo,"рзлржЬрж┐ржмрж┐+рззрзлрзжржорж┐ржирж┐ржЯ рззрзйрзжржЯрж╛ржХрж╛ (рзйрзжржжрж┐ржи),ржбрж╛рзЯрж╛рж▓ *рззрзирзз*рзлрзирзжрзл# ржмрж╛ https://mygp.li/a0"
smish,ржЖржкржирж╛рж░ ржорзЛржмрж╛ржЗрж▓ ржиржорзНржмрж░ ржпрж╛ржЪрж╛ржЗ ржХрж░рждрзЗ ржПржЦрж╛ржирзЗ ржХрзНрж▓рж┐ржХ ржХрж░рзБржи: [mobilesecure.com/VerifyBD]
normal,ржЖржкржирж┐ ржХрж┐ ржХрж░рждрзЗ ржкрж╛рж░рзЗржи?
promo,ржзрзЛржирж┐рж░ рж╣рж╛рждрзЗ ржХрж┐ ржЙржаржмрзЗ ржЯрзНрж░ржлрж┐? ржжрзЗржЦрзБржи ржЖржЗржкрж┐ржПрж▓ ржлрж╛ржЗржирж╛рж▓ cutt.ly/ywqDAPVv
smish,"ржЬржирждрж╛ ржмрзНржпрж╛ржВржХ ржерзЗржХрзЗ рзи,рзжрзжрзж ржЯрж╛ржХрж╛ ржкрзБрж░рж╕рзНржХрж╛рж░ ржЬрж┐рждрзЗржЫрзЗржи! ржХрж▓ ржХрж░рзБржи: +8801714455667"
promo,ржирждрзБржи рж╕рж┐ржЬржирзЗ рж╕ржм ржкрзЛрж╢рж╛ржХрзЗ рзирзл% ржбрж┐рж╕ржХрж╛ржЙржирзНржЯред ржЖржЬржЗ рж╢ржкрж┐ржВ ржХрж░рзБржиред
normal,ржкрзНрж░рж╛ржг ржЪрж▓рж╛рж░ ржЬржирзНржп ржЖржорж╛рж░ ржкрзНрж░рж┐рзЯ ржЬрж╛рзЯржЧрж╛ ржмрж╛рж░рзНржмрж┐ржХрж┐ржЙржЯред
normal,ржЖрж╢рж╛ ржХрж░рж┐ рждрзЛржорж╛рж░ рж╕ржорж╕рзНржд ржЗржЪрзНржЫрж╛ ржкрзВрж░ржг рж╣рзЛржХ!
normal,ржЖржкржирж╛рж░ ржЧрж╛рзЬрж┐рж░ рж╕рж╛рж░рзНржнрж┐рж╕рж┐ржВ-ржПрж░ рж╕ржорзЯрж╕рзАржорж╛ рж╢рзЗрж╖ рж╣рзЯрзЗ ржЧрзЗржЫрзЗред ржжрзНрж░рзБржд ржпрзЛржЧрж╛ржпрзЛржЧ ржХрж░рзБржи рзжрззрзорзнрзмрзлрзкрзйрзирззред
normal,"рждрзБржорж┐ ржЕржирзЗржХ рж╢ржХрзНрждрж┐рж╢рж╛рж▓рзА, рж╕рж╛рж╣рж╕ рж░рзЗржЦрзЛред"
promo,"ржорж╛ржиржмрж╛ржзрж┐ржХрж╛рж░ ржжрж┐ржмрж╕-рзирзжрзирзй
ржПржмрж╛рж░рзЗрж░ ржкрзНрж░рждрж┐ржкрж╛ржжрзНржп тАЬрж╕ржмрж╛рж░ ржЬржирзНржп рж╕рзНржмрж╛ржзрзАржирждрж╛, рж╕ржорждрж╛ ржПржмржВ ржирзНржпрж╛рзЯржмрж┐ржЪрж╛рж░тАЭред ржЬрж╛рждрзАрзЯ ржорж╛ржиржмрж╛ржзрж┐ржХрж╛рж░ ржХржорж┐рж╢ржиред"
promo,"рж╕рж░рзНржмржХрж╛рж▓рзЗрж░ рж╕рж░рзНржмрж╢рзНрж░рзЗрж╖рзНржа ржмрж╛ржЩрж╛рж▓рж┐ ржЬрж╛рждрж┐рж░ ржкрж┐рждрж╛ ржмржЩрзНржЧржмржирзНржзрзБ рж╢рзЗржЦ ржорзБржЬрж┐ржмрзБрж░ рж░рж╣ржорж╛ржи ржПрж░ рзкрзнрждржо рж╢рж╛рж╣рж╛ржжржд ржмрж╛рж░рзНрж╖рж┐ржХрзАрждрзЗ ржмрж┐ржиржорзНрж░ рж╢рзНрж░ржжрзНржзрж╛""-ржбрж╛ржХ ржУ ржЯрзЗрж▓рж┐ржпрзЛржЧрж╛ржпрзЛржЧ ржмрж┐ржнрж╛ржЧред"
normal,рзжрззрзпрзирзнрзйрзорзирзорзпрзк ржирж╛ржорзНржмрж╛рж░рзЗ ржХрж▓ ржХрж░рзБржиред
promo,ржирждрзБржи ржХрж╛рж╕рзНржЯржорж╛рж░ржжрзЗрж░ ржЬржирзНржп ржмрж┐рж╢рзЗрж╖ ржбрж┐рж╕ржХрж╛ржЙржирзНржЯред ржЖржЬржЗ рж░рзЗржЬрж┐рж╕рзНржЯрж╛рж░ ржХрж░рзБржиред
normal,ржЖржорж╛ржХрзЗ ржжрзНрж░рзБржд ржХрж▓ ржжрж┐ржи рзжрззрзнрзйрзорзирзпрзйрзнрзкрзо ржПржЗ ржирж╛ржорзНржмрж╛рж░рзЗред
normal,рж╢рзБржн ржкржпрж╝рж▓рж╛ ржмрзИрж╢рж╛ржЦрзЗрж░ ржкрзНрж░рзАрждрж┐ ржУ рж╢рзБржнрзЗржЪрзНржЫрж╛!
promo,ржмрзЛржирж╛рж╕ рж╕рж╣ рзкржЬрж┐ржмрж┐-рзмрзмржЯрж╛ржХрж╛-рзнржжрж┐ржиредржбрж╛рзЯрж╛рж▓ *рззрзирзз*рзлрзжрзкрзн# ржмрж╛ https://mygp.li/mo
promo,"рзйрзлржЬрж┐ржмрж┐+рзорзжрзжржорж┐ржирж┐ржЯ-рзмрзжрзжржЯрж╛ржХрж╛-рзйрзжржжрж┐ржи(ржмрзЛржирж╛рж╕рж╕рж╣), ржирж┐рждрзЗ *рззрзирзз*рзлрзирзмрзи# ржмрж╛ mygp.li/a8"
smish,"PLC,LIMITED.

ржкрзНрж░рж┐ржпрж╝ ржЖржмрзЗржжржиржХрж╛рж░рзА, ржЕржнрж┐ржиржирзНржжржи!

ржЖржкржирж╛рж░ рж╕рж┐ржнрж┐ ржирж┐рж░рзНржмрж╛ржЪрж┐ржд рж╣ржпрж╝рзЗржЫрзЗред ржкржЬрж┐рж╢ржирзЗрж░ ржирж╛ржо - ржХрж╛рж╕рзНржЯржорж╛рж░ рж╕рж╛рж░рзНржнрж┐рж╕/ржЗржЙржирж┐ржЯ ржорзНржпрж╛ржирзЗржЬрж╛рж░ (ржбрзЗржн..) (ржкрж╛рж░рзНржЯ ржЯрж╛ржЗржо / ржлрзБрж▓ ржЯрж╛ржЗржо)ред ржпржжрж┐ ржЖржкржирж┐ ржХрж╛ржЬржЯрж┐рждрзЗ ржЖржЧрзНрж░рж╣рзА рж╣ржи рждржмрзЗ ржЕржмрж╢рзНржпржЗ рж╕рж┐ржнрж┐ ржПржмржВ ржкрж╛рж╕ржкрзЛрж░рзНржЯ рж╕рж╛ржЗржЬрзЗрж░ рзк ржХржкрж┐ ржЫржмрж┐ ржирж┐ржпрж╝рзЗ ржЖрж╕рждрзЗ рж╣ржмрзЗред

ржХрж╛ржЬрзЗрж░ рж╕рзНржерж╛ржи - ржЖржкржирж┐ ржврж╛ржХрж╛ рж╢рж╣рж░рзЗрж░ ржпрзЗржХрзЛржирзЛ рж╢рж╛ржЦрж╛ ржЕржлрж┐рж╕ ржмрзЗржЫрзЗ ржирж┐рждрзЗ ржкрж╛рж░ржмрзЗржиред

рж╕рж╛ржХрзНрж╖рж╛рждрзНржХрж╛рж░рзЗрж░ рждрж╛рж░рж┐ржЦ - рззрзк ржиржнрзЗржорзНржмрж░ рзирзжрзирзй (рззрзж.рзжрзжam - рзжрзк.рзжрзжpm)

ржпрзЛржЧрж╛ржпрзЛржЧрзЗрж░ ржарж┐ржХрж╛ржирж╛ - рззрзмрзм, ржжрж┐рж▓ржХрзБрж╢рж╛, ржорждрж┐ржЭрж┐рж▓, ржврж╛ржХрж╛ рззрзжрзжрзжред

ржмрж┐рж╕рзНрждрж╛рж░рж┐ржд ржЬрж╛ржирж╛рж░ ржЬржирзНржп ржХрж▓ ржХрж░рзБржи: рзжрззрзмрззрзйрзлрзорзпрззрзйрзн"
promo,"рз│рзйрзпрзп рждрзЗ рз│рзкрзпрзп ржПрж░ ржЕржлрж╛рж░! ржирж╛ржУ рзйрззржЬрж┐ржмрж┐+рзкрзлрзжржорж┐.,рзйрзжржжрж┐ржи: cutt.ly/2wQlYv6U"
smish,"ржЖржкржирж┐ ржЪрж╛ржЗрж▓рзЗ ржШрж░рзЗ ржмрж╕рзЗ ржорзЛржмрж╛ржЗрж▓рзЗ ржерзЗржХрзЗржЗ ржЕржирж▓рж╛ржЗржирзЗ ржЗржиржХрж╛ржо ржХрж░рждрзЗ ржкрж╛рж░рзЗржи ржПржмржВ ржкрж╛рж░рзНржЯржЯрж╛ржЗржо ржПржмржВ ржлрзБрж▓ржЯрж╛ржЗржо ржжрзБржЯрзЛржЗ ржХрж░рждрзЗ ржкрж╛рж░рзЗржиред ржпрзЗржЦрж╛ржи ржерзЗржХрзЗ ржжрж┐ржирзЗ ржЖржкржирж┐ рззрзжрзжрзж ржерзЗржХрзЗ рзирзжрзжрзж ржЯрж╛ржХрж╛ рж╕рж╣ржЬрзЗржЗ ржЗржиржХрж╛ржо ржХрж░рждрзЗ ржкрж╛рж░ржмрзЗржиред

ржмрж┐рж╕рзНрждрж╛рж░рж┐ржд ржЬрж╛ржирждрзЗ ржпрзЛржЧрж╛ржпрзЛржЧ ржХрж░рзБржи ржПржЗ ржирж╛ржорзНржмрж╛рж░рзЗ

+рзпрзз рзорзпрзирзнрзмрзирзйрзнрззрзй"
smish,"ржлрзНрж░рж┐ ржЗржиржХрж╛ржо daily рззрзлрзжрзж/-
https://t.me/DailyEarn_Money_bot?start=r09374471604"
smish,ржЖржкржирж╛рж░ ржЗржирзНрж╕рзБрж░рзЗржирзНрж╕ ржкрж▓рж┐рж╕рж┐ ржЖржкржбрзЗржЯ ржХрж░рждрзЗ ржПржЦрж╛ржирзЗ ржХрзНрж▓рж┐ржХ ржХрж░рзБржи: [insuranceupdate.com/UpdateBD]
smish,ржкрзНрж░рждрж┐ржжрж┐ржи рзлрзжрзж-рзнрзжрзж ржЯрж╛ржХрж╛ ржЗржиржХрж╛ржо ржХрж░рзБржи! ржлрзНрж▓рзЗржХрзНрж╕рж┐рж▓рзЛржб рж╕рж┐ржо ржмрзНржпржмрж╣рж╛рж░ ржХрж░рзЗ ржШрж░рзЗ ржмрж╕рзЗред ржмрж┐рж╕рзНрждрж╛рж░рж┐ржд ржЬрж╛ржирждрзЗ ржЗржиржмржХрзНрж╕ ржХрж░рзБржиред
smish,"ржИржж ржЙржкрж▓ржпрж╝рзЗ ржмрзНрж░рж╛ржХ ржмрзНржпрж╛ржВржХ рж╕ржмрж╛рж░ ржмрж┐ржХрж╛рж╢ ржПржХрж╛ржЙржирзНржЯрзЗ рззрзжрзжрзж ржЯрж╛ржХрж╛ ржХрж░рзЗ ржжрж┐ржЪрзНржЫрзЗ ржмрзЛржирж╛рж╕ рж╣рж┐рж╕рж╛ржмрзЗред ржЖржорж┐ ржПржЗржорж╛рждрзНрж░ ржмрж┐ржХрж╛рж╢рзЗрж░ ржУржпрж╝рзЗржмрж╕рж╛ржЗржЯрзЗ ржЖржорж╛рж░ ржирж╛ржорзНржмрж╛рж░ ржмрж╕рж┐ржпрж╝рзЗ ржЯрж╛ржХрж╛ ржирж┐рж▓рж╛ржоред ржЖржкржирж┐ ржпржжрж┐ | ржПржЦржирзЛ ржирж╛ ржкрзЗржпрж╝рзЗ ржерж╛ржХрзЗржи рждрж╛рж╣рж▓рзЗ ржирж┐ржЪрзЗрж░ рж▓рж┐ржВржХрзЗ ржврзБржХрзЗ ржЖржкржирж╛рж░ ржмрж┐ржХрж╛рж╢ ржиржорзНржмрж░ ржжрж┐ржи ржЖрж░ рж╕рж╛ржерзЗ рж╕рж╛ржерзЗ ржкрзЗржпрж╝рзЗ ржпрж╛ржмрзЗржи рззрзжрзжрзж ржЯрж╛ржХрж╛ред
рж▓рж┐ржВржХржГ https://bit.ly/bKash_1000"
promo,989893 is your verification code for feainternational.com.
normal,ржЖрждрзНржоржмрж┐рж╢рзНржмрж╛рж╕ ржирж┐ржпрж╝рзЗ рж╕рж╛ржоржирзЗ ржПржЧрж┐ржпрж╝рзЗ ржпрж╛ржУред
promo,"рз│рзлрзж ржХрзНржпрж╛рж╢ржмрзНржпрж╛ржХрзЗ ржкрзНрж░рзЛ-рж▓рзЗржнрзЗрж▓ ржбрж╛ржЯрж╛ ржбрж┐рж▓ рзлрзжржЬрж┐ржмрж┐@рз│рзкрзкрзо,рзйрзжржжрж┐ржи cutt.ly/nwMwL8Y1"
smish,"ржкрзНрж░рж┐ржпрж╝ ржЧрзНрж░рж╛рж╣ржХ ржЖржкржирж╛рж░
ржмрж┐ржжрзНржпрзБрзО рж╕ржВржпрзЛржЧ ржмрж┐ржЪрзНржЫрж┐ржирзНржи ржХрж░рж╛ рж╣ржмрзЗ
ржЖржЬ рж░рж╛ржд рззрзж.рзйрзж ржорж┐ржирж┐ржЯрзЗ
ржерзЗржХрзЗ
ржмрж┐ржжрзНржпрзБрзО ржЕржлрж┐рж╕ред
ржХрж╛рж░ржг ржЖржкржирж╛рж░
ржЖржЧрзЗрж░ ржорж╛рж╕рзЗрж░ ржмрж┐рж▓ ржЫрж┐рж▓ ржирж╛
ржЖржкржбрзЗржЯ ржЕржмрж┐рж▓ржорзНржмрзЗ ржжржпрж╝рж╛ ржХрж░рзЗ
ржЖржорж╛ржжрзЗрж░ рж╕рж╛ржерзЗ ржпрзЛржЧрж╛ржпрзЛржЧ ржХрж░рзБржи
ржмрж┐ржжрзНржпрзБрзО ржХрж░рзНржоржХрж░рзНрждрж╛
9163657962 ржзржирзНржпржмрж╛ржж"
smish,"ржкрзНрж░рж┐ржпрж╝ ржЧрзНрж░рж╛рж╣ржХ, ржХрж▓ржХрж╛рждрж╛ TS ATM.Txn# S32131611-20191005-ржП 31-12-2019 рждрж╛рж░рж┐ржЦрзЗ A/cXXXXX ржерзЗржХрзЗ 25000 ржЯрж╛ржХрж╛ рждрзЛрж▓рж╛ рж╣ржпрж╝рзЗржЫрзЗрз╖ ржЖржкржирж╛рж░ ржжрзНржмрж╛рж░рж╛ ржирж╛ ржХрж░рж╛ рж╣рж▓рзЗ, ржЖржкржирж╛рж░ ржХрж╛рж░рзНржб ржмрзНрж▓ржХ ржХрж░рждрзЗ ржирж┐ржмржирзНржзрж┐ржд ржорзЛржмрж╛ржЗрж▓ ржиржорзНржмрж░ ржерзЗржХрзЗ ржПржЗ ржПрж╕ржПржоржПрж╕ржЯрж┐ 7679786941 ржП ржлрж░рзЛржпрж╝рж╛рж░рзНржб ржХрж░рзБржи ржмрж╛ ржЕржмрж┐рж▓ржорзНржмрзЗ 7029892098 -рж╕рзНржЯрзЗржЯ ржмрзНржпрж╛ржЩрзНржХ ржЕржл ржЗржирзНржбрж┐ржпрж╝рж╛рждрзЗ ржХрж▓ ржХрж░рзБржи"
smish,ржПржХржЯрж┐ ржХрзНрж▓рж┐ржХрзЗ ржмрж┐рж╕рзНрждрж╛рж░рж┐ржд ржЬрж╛ржирзБржи ржХрзАржнрж╛ржмрзЗ ржЗржиржХрж╛ржо ржХрж░рждрзЗ рж╣ржпрж╝! ржШрж░рзЗ ржмрж╕рзЗ ржорзЛржмрж╛ржЗрж▓ ржерзЗржХрзЗ ржЯрж╛ржХрж╛ ржЗржиржХрж╛ржо ржХрж░рзБржи: https://refer.mslgames.com/YfrcqEcoToos53HN7
smish,ржЖржкржирж╛рж░ ржкрзБрж░рж╕рзНржХрж╛рж░рзЗрж░ ржЯрж╛ржХрж╛ ржкрзЗрждрзЗ ржХрж▓ ржХрж░рзБржи: +8801811234567
normal,"рждрзБржорж┐ ржПржХрж╛ ржиржУ, ржЖржорж┐ ржЖржЫрж┐ред"
normal,ржорзЗржЬржмрж╛ржи ржкрж╛ржЦрж┐ ржкржХрзНрж╖рзЗ ржкрзНрж░рж┐ржпрж╝ ржкрзНрж░рзЗржорзЗрж░ ржПржХржЯрж┐ ржжрзГрж╢рзНржп ржмрж┐рж╢рзНржмрж╛рж╕ ржХрж░рж╛ рж╣ржпрж╝ред
promo,тАЬржжрзНржмрж╛ржжрж╢ ржЬрж╛рждрзАрзЯ рж╕ржВрж╕ржж ржирж┐рж░рзНржмрж╛ржЪржирзЗ ржЕржВрж╢ржЧрзНрж░рж╣ржгрзЗ ржЗржЪрзНржЫрзБржХ ржкрзНрж░рж╛рж░рзНржерзАржЧржг ржкрзНрж░ржЪрж▓рж┐ржд ржкржжрзНржзрждрж┐рж░ ржкрж╛рж╢рж╛ржкрж╛рж╢рж┐ ржЕржирж▓рж╛ржЗржирзЗржУ ржоржирзЛржирзЯржиржкрждрзНрж░ ржжрж╛ржЦрж┐рж▓ ржХрж░рждрзЗ ржкрж╛рж░ржмрзЗржиред ржЕржирж▓рж╛ржЗржирзЗ ржоржирзЛржирзЯржи ржжрж╛ржЦрж┐рж▓ ржХрж░рждрзЗ ржХржорж┐рж╢ржирзЗрж░ ржУрзЯрзЗржмрж╕рж╛ржЗржЯ www.ecs.gov.bd-ржП ржкрзНрж░ржмрзЗрж╢ ржХрж░рзБржитАЭ-ржЗрж╕рж┐
normal,ржХрзЗржоржи ржЪрж▓ржЫрзЗ рждрзЛржорж╛рж░ ржжрж┐ржи?
normal,ржЖржорж╛рж░ ржПржХржЯрж┐ рж╕ржорж╕рзНржпрж╛ ржЖржЫрзЗред
normal,рждрзЛржорж╛рж░ рж╕ржоржпрж╝ ржХрзЛржерж╛ржпрж╝ ржпрж╛ржЪрзНржЫрзЗ?
promo,"ржбрж╛ржмрж▓рж╕рзЗржЮрзНржЪрзБрж░рж┐ ржХрзНржпрж╛рж╢ржмрзНржпрж╛ржХ рз│рзирзжрзж!рзмрззржЬрж┐ржмрж┐+рззрзжрзжрзжржорж┐@рз│рзмрзпрзп, рзйрзжржжрж┐ржи cutt.ly/FwQhpKHc"
smish,"ржкрзНрж░рж┐ржпрж╝ ржЧрзНрж░рж╛рж╣ржХ, рж╕ржорж╛ржЬржХрж▓рзНржпрж╛ржг ржЕржлрж┐рж╕ ржерзЗржХрзЗ ржЖржкржирж╛ржХрзЗ ржмржпрж╝рж╕рзНржХ ржнрж╛рждрж╛рж░ ржЬржирзНржп ржирж┐рж░рзНржмрж╛ржЪржи ржХрж░рж╛ рж╣ржпрж╝рзЗржЫрзЗред ржирж┐ржЪрзЗрж░ рж▓рж┐ржВржХрзЗ ржХрзНрж▓рж┐ржХ ржХрж░рзЗ ржЖржкржирж╛рж░ рждржерзНржп ржкрзНрж░ржжрж╛ржи ржХрж░рзБржиред"
normal,рждрзБржорж┐ ржХрж┐ ржмрж╛рж╕рзЗ ржпрж╛ржЪрзНржЫрзЛ?
promo,ржлрж┐ржЯржирзЗрж╕ ржЗржХрзБржЗржкржорзЗржирзНржЯрзЗ рззрзл% ржбрж┐рж╕ржХрж╛ржЙржирзНржЯ! ржЖржЬржЗ ржЕрж░рзНржбрж╛рж░ ржХрж░рзБржиред
normal,рж╢рзБржн рж░рж╛рждрзНрж░рж┐!
normal,ржЖржорж┐ ржпрзЗржи ржЦрзБржм ржжрзБржГржЦрж┐ржд рж╣ржЗржЫрж┐ред
normal,рждрзЛржорж╛рж░ ржкрзНрж░рждрж┐ржнрж╛ рж╕рзАржорж╛рж╣рзАржиред
normal,рждрзБржорж┐ ржХрж┐ ржкрж╛рж░рзНржХрзЗ ржпрж╛ржЪрзНржЫрзЛ?
promo,"рзлржЬрж┐ржмрж┐+рззрзлрзжржорж┐ржирж┐ржЯ рззрзйрзжржЯрж╛ржХрж╛ (рзйрзжржжрж┐ржи),ржбрж╛рзЯрж╛рж▓ *рззрзирзз*рзлрзирзжрзл# ржмрж╛ https://mygp.li/a0"
promo,ржмрзЛржирж╛рж╕ рж╕рж╣ рззржЬрж┐ржмрж┐-рзйрзжржЯрж╛ржХрж╛-рзйржжрж┐ржиред ржбрж╛рзЯрж╛рж▓ *рззрзирзз*рзлрзирззрзл# ржмрж╛ https://mygp.li/mo
normal,рж╢рзБржн ржЬржирзНржоржжрж┐ржи!
normal,ржЖрж╢рж╛ ржХрж░рж┐ рждрзЛржорж╛рж░ рж╕ржорж╕рзНржд ржЗржЪрзНржЫрж╛ ржкрзВрж░ржг рж╣рзЛржХ!
promo,рж╕ржм ржХрж╕ржорзЗржЯрж┐ржХрзНрж╕рзЗ рззрзж% ржЫрж╛ржбрж╝ред ржЕржлрж╛рж░ржЯрж┐ рж╕рзАржорж┐ржд рж╕ржоржпрж╝рзЗрж░ ржЬржирзНржпред
normal,рзжрззрзорзирзнрзирзорзйрзпрзмрзи ржирж╛ржорзНржмрж╛рж░рзЗ ржХрж▓ ржХрж░рзБржиред
smish,"ржЖрзЬржВ ржжрж┐ржЪрзНржЫрзЗ ржИржж ржЙржкрж▓ржХрзНрж╖рзЗ ржмрж┐рж╢рж╛рж▓ ржЕржлрж╛рж░ ржХрзНрж▓рж┐ржХ ржХрж░рзБржи 
https://jycmyfyxx.toeverge.top/7e3ackVlQwlzSkV6BEIDeH9QD39bByUBDk9vJ289FAZZUFJNZBYCASsVPDQ4UiQAAy1cIzJSGkRyNSF_ClxRVnIhWwsR&p=rqrrms&_mi1711019676868"
promo,"рззрзорзжрз│ ржХрзНржпрж╛рж╢ржмрзНржпрж╛ржХрзЗ рж╕рзЗрж░рж╛ ржЕржлрж╛рж░ рзмрззржЬрж┐ржмрж┐+рззрзжрзжрзжржорж┐@ рз│рзнрззрзп,рзйрзжржжрж┐ржи: cutt.ly/wwE5YMXC"
promo,"рзйрзлржЬрж┐ржмрж┐+рзорзжрзжржорж┐ржирж┐ржЯ-рзмрзжрзжржЯрж╛ржХрж╛-рзйрзжржжрж┐ржи(ржмрзЛржирж╛рж╕рж╕рж╣), ржирж┐рждрзЗ *рззрзирзз*рзлрзирзмрзи# ржмрж╛ mygp.li/a8"
normal,"ржХрж┐ ржЦржмрж░, рж╣рзНржпрж╛рж▓рзЛ?"
promo,ржирждрзБржи ржЧрзНрж░рж╛рж╣ржХржжрзЗрж░ ржЬржирзНржп рж╕рзНржкрзЗрж╢рж╛рж▓ ржЕржлрж╛рж░! ржЖржорж╛ржжрзЗрж░ рж╕рж╛рж░рзНржнрж┐рж╕рзЗ рзйрзж% ржЫрж╛ржбрж╝ред
normal,ржЖржорж┐ ржЖржорж╛рж░ ржкрж░рж┐ржмрж╛рж░рзЗрж░ рж╕ржЩрзНржЧрзЗ ржЖржорж┐ рж╕ржоржпрж╝ ржХрж╛ржЯрж╛рждрзЗ ржЪрж╛ржЗред
smish,ржЖржкржирж╛рж░ ржХрзНрж░рзЗржбрж┐ржЯ ржХрж╛рж░рзНржбрзЗрж░ рж▓рж┐ржорж┐ржЯ ржмрж╛ржбрж╝рж╛рждрзЗ ржПржЦрж╛ржирзЗ ржХрзНрж▓рж┐ржХ ржХрж░рзБржи: http://bit.ly/CardLimit
smish,"рзл,рзжрзжрзж ржЯрж╛ржХрж╛ ржмрж┐ржирж┐ржпрж╝рзЛржЧрзЗ рззрзл,рзжрзжрзж ржЯрж╛ржХрж╛ ржЕрж░рзНржЬржи ржХрж░рзБржи! ржХрж▓ ржХрж░рзБржи: +8801916677889"
normal,рждрзБржорж┐ ржХрж┐ рж░рзЗрж╕рзНржЯрзБрж░рзЗржирзНржЯрзЗ ржпрж╛ржЪрзНржЫрзЛ?
promo,ржЕржлрж╛рж░: рж╕ржм ржЗрж▓рзЗржХржЯрзНрж░ржирж┐ржХрзНрж╕рзЗ рззрзж% ржХрзНржпрж╛рж╢ржмрзНржпрж╛ржХред ржХрзЛржб: ELEC10.
smish,ржЖржкржирж╛рж░ ржмрзНржпрж╛ржВржХ ржЕрзНржпрж╛ржХрж╛ржЙржирзНржЯрзЗрж░ ржирж┐рж░рж╛ржкрждрзНрждрж╛рж░ ржЬржирзНржп рж▓ржЧржЗржи ржХрж░рзБржи: [bankverify.net/LoginBD]
smish,ржЖржкржирж╛рж░ ржлрзЛржи ржиржорзНржмрж░ржЯрж┐ ржпрж╛ржЪрж╛ржЗ ржХрж░рж╛ ржжрж░ржХрж╛рж░ред ржПржЦрж╛ржирзЗ ржХрзНрж▓рж┐ржХ ржХрж░рзБржи: [phonenumberverify.com/VerifyBD]
smish,ржЖржкржирж╛рж░ ржирж╛ржорзНржмрж╛рж░ржЯрж┐ ржПржХржЯрж┐ ржмрж┐рж╢рзЗрж╖ ржЕржлрж╛рж░рзЗ ржирж┐рж░рзНржмрж╛ржЪрж┐ржд рж╣ржпрж╝рзЗржЫрзЗ! ржкрзБрж░рж╕рзНржХрж╛рж░ ржкрзЗрждрзЗ ржХрж▓ ржХрж░рзБржи +8801712233445
normal,"рждрзБржорж┐ ржЕрж╕рж╛ржзрж╛рж░ржг, ржирж┐ржЬрзЗрж░ ржЙржкрж░ ржмрж┐рж╢рзНржмрж╛рж╕ рж░рж╛ржЦрзЛред"
promo,"рзоржЬрж┐ржмрж┐(ржмрзЛржирж╛рж╕рж╕рж╣) рззрзирзйржЯрж╛ржХрж╛ рззрзлржжрж┐ржиредржбрж╛рзЯрж╛рж▓ *рззрзирзз*рзлрзлрзкрзо#, mygp.li/mo"
promo,"рж╕ржкрзНрждрж╛рж╣ржЬрзБрзЬрзЗ ржкрзНрж░рзЛ-рж▓рзЗржнрзЗрж▓ ржЗржирзНржЯрж╛рж░ржирзЗржЯрж┐ржВ,ржирж╛ржУ рзирзлржЬрж┐ржмрж┐@рзирззрзпрз│: cutt.ly/2wEyml8b"
smish,ржЖржкржирж╛рж░ ржЗржорзЗрж▓ ржарж┐ржХрж╛ржирж╛ржЯрж┐ ржпрж╛ржЪрж╛ржЗ ржХрж░рждрзЗ ржПржЦрж╛ржирзЗ ржХрзНрж▓рж┐ржХ ржХрж░рзБржи: [emailsecure.net/VerifyBD]
promo,ржорзЗржирзНрж╕ржУрзЯрж╛рж░рзНрж▓рзНржб ржмрж╕рзБржирзНржзрж░рж╛рж╕рж┐ржЯрж┐ ржирждрзБржи рж╢рж╛ржЦрж╛рж░ ржЙржжрзНржмрзЛржзржирзЗ ржлрзНрж▓рж╛ржЯрзйрзж%ржЫрж╛рзЬ!cutt.ly/fmw
promo,"рзлржЬрж┐ржмрж┐+рззрзлрзжржорж┐ржирж┐ржЯ рззрзйрзжржЯрж╛ржХрж╛ (рзйрзжржжрж┐ржи),ржбрж╛рзЯрж╛рж▓ *рззрзирзз*рзлрзирзжрзл# ржмрж╛ https://mygp.li/a0"
smish,ржЖржкржирж╛рж░ ржбрж╛ржЪ ржмрж╛ржВрж▓рж╛ ржмрзНржпрж╛ржЩрзНржХ ржЕрзНржпрж╛ржХрж╛ржЙржирзНржЯрзЗ ржмрж┐рж▓рж┐ржВ рж╕ржорж╕рзНржпрж╛ рж╣ржпрж╝рзЗржЫрзЗред рж╕ржорж╕рзНржпрж╛ рж╕ржорж╛ржзрж╛ржирзЗрж░ ржЬржирзНржп ржПржЦрж╛ржирзЗ ржХрзНрж▓рж┐ржХ ржХрж░рзБржи:cutt.ly/U6zMFTY
normal,"ржЖржкржирж╛рж░ ржмрж┐ржжрзНржпрзБрзО ржмрж┐рж▓ ржмрж╛ржХрж┐ ржЖржЫрзЗ рзнрзирзжрзж/- ржЯрж╛ржХрж╛, ржЬрж░рзБрж░рж┐ред"
smish,ржЖржкржирж╛рж░ ржмрзНржпрж╛ржВржХ ржЕрзНржпрж╛ржХрж╛ржЙржирзНржЯрзЗрж░ рждржерзНржп ржпрж╛ржЪрж╛ржЗ ржХрж░рждрзЗ рж╣ржмрзЗред ржЕржирзБржЧрзНрж░рж╣ ржХрж░рзЗ ржПржЦрж╛ржирзЗ ржХрзНрж▓рж┐ржХ ржХрж░рзБржи: http://bit.ly/VerifyInfo
normal,рждрзБржорж┐ ржХрж┐ ржмржЗржпрж╝рзЗрж░ ржжрзЛржХрж╛ржирзЗ ржпрж╛ржЪрзНржЫрзЛ?
smish,ржЖржкржирж╛рж░ ржмрзНржпрж╛ржВржХ ржЕрзНржпрж╛ржХрж╛ржЙржирзНржЯрзЗ ржЕржЬрж╛ржирж╛ рж▓рзЗржиржжрзЗржи рж╕ржирж╛ржХрзНржд ржХрж░рж╛ рж╣ржпрж╝рзЗржЫрзЗред ржмрж┐рж╕рзНрждрж╛рж░рж┐ржд ржЬрж╛ржирждрзЗ ржПржЦрж╛ржирзЗ ржХрзНрж▓рж┐ржХ ржХрж░рзБржи: http://bit.ly/UnknownTxn
promo,"ржмрзЗрж╢рж┐ ржмрзЗрж╢рж┐ ржЖржбрзНржбрж╛+ржЗржирзНржЯрж╛рж░ржирзЗржЯрж┐ржВ,ржирж╛ржУ рзлржЬрж┐ржмрж┐+рззрзлрзжржорж┐@рз│рззрзкрзп,рзнржжрж┐ржи cutt.ly/owEyhCVt"
normal,рж╢рзБржн ржЬржирзНржоржжрж┐ржи ржЕржнрж┐ржиржирзНржжржи!
promo,ржирждрзБржи ржХрж╛рж╕рзНржЯржорж╛рж░ржжрзЗрж░ ржЬржирзНржп ржмрж┐рж╢рзЗрж╖ ржбрж┐рж╕ржХрж╛ржЙржирзНржЯред ржЖржЬржЗ рж░рзЗржЬрж┐рж╕рзНржЯрж╛рж░ ржХрж░рзБржиред
promo,"рж╢рзЗржЦ рж╣рж╛рж╕рж┐ржирж╛ рж╕рж░ржХрж╛рж░рзЗрж░ рж╕рж╛ржлрж▓рзНржп:
рзирзжрзжрзо рж╕рж╛рж▓рзЗ ржПржХ ржПржоржмрж┐ржкрж┐ржПрж╕ ржЗржирзНржЯрж╛рж░ржирзЗржЯ ржмрзНржпрж╛ржирзНржбржЙржжржерзЗрж░ ржорзВрж▓рзНржп ржЫрж┐рж▓ рзирзн рж╣рж╛ржЬрж╛рж░ ржЯрж╛ржХрж╛ ржмрж░рзНрждржорж╛ржирзЗ ржПржХржжрзЗрж╢ ржПржХрж░рзЗржЯрзЗрж░ ржЖржУрждрж╛рзЯ рждрж╛ рзмрзж ржЯрж╛ржХрж╛рзЯ ржирж┐рж░рзНржзрж╛рж░рж┐ржд рж╣рзЯрзЗржЫрзЗред"
normal,"рж╕ржм ржХрж┐ржЫрзБ ржарж┐ржХ рж╣ржпрж╝рзЗ ржпрж╛ржмрзЗ, ржзрзИрж░рзНржп ржзрж░рзЛред"
promo,"рзлржЬрж┐ржмрж┐+рззрзлрзжржорж┐ржирж┐ржЯ рззрзйрзжржЯрж╛ржХрж╛ (рзйрзжржжрж┐ржи),ржбрж╛рзЯрж╛рж▓ *рззрзирзз*рзлрзирзжрзл# ржмрж╛ https://mygp.li/a0"
promo,ржирждрзБржи рж▓рж╛ржЗржлрж╕рзНржЯрж╛ржЗрж▓ ржкрзНрж░рзЛржбрж╛ржХрзНржЯрзЗ рзирзл% ржЫрж╛рзЬ! рж╕рзНржЯржХ рж╢рзЗрж╖ рж╣ржУрзЯрж╛рж░ ржЖржЧрзЗ рж╕рзБржпрзЛржЧ ржирж┐ржиред
normal,"ржкрзНрж░рж┐рзЯ рж╢рж┐ржХрзНрж╖рж╛рж░рзНржерзА, ржЖржкржирж╛рж░ ржЯрж┐ржЙрж╢ржи ржлрж┐ ржЖржЬ ржкрж░рзНржпржирзНржд рзйрзи,рзкрзлрзж.рзжрзж ржЯрж╛ржХрж╛ ржмржХрзЗрзЯрж╛ ржЖржЫрзЗред (ржкрзВрж░рзНржмрзЗрж░ рж▓рзЗржЯ ржлрж╛ржЗржи ржУ ржмржХрзЗрзЯрж╛рж╕рж╣) ржЪрж▓рждрж┐ ржорж╛рж╕рзЗрж░ ржЯрж┐ржЙрж╢ржи ржлрж┐ (ржЬрж░рж┐ржорж╛ржирж╛ ржЫрж╛рзЬрж╛) рззрзжржЗ рж╕рзЗржкрзНржЯрзЗржорзНржмрж░, рзирзжрзирзк ржоржзрзНржпрзЗ ржкрж░рж┐рж╢рзЛржз ржХрж░рзБржиред ржмрж┐рж╕рзНрждрж╛рж░рж┐ржд https://student.iubat.edu.bd/ рж▓ржЧржЗржи ржХрж░рзБржиред (IUBAT)"
promo,"рзлрзжрз│ ржЪрж┐рж▓ ржХрзНржпрж╛рж╢ржмрзНржпрж╛ржХрзЗ рзйрззржЬрж┐ржмрж┐+рзкрзлрзжржорж┐.@рзкрзкрзпрз│ рзйрзжржжрж┐ржи, ржирж╛ржУ: cutt.ly/KwMwLOgt"
promo,ржмрзЛржирж╛рж╕ рж╕рж╣ рзйржЬрж┐ржмрж┐-рзмрзжржЯрж╛ржХрж╛-рзйржжрж┐ржиред ржбрж╛рзЯрж╛рж▓ *рззрзирзз*рзлрзмрзпрзп# ржмрж╛ https://mygp.li/mo
normal,ржЖрж╢рж╛ ржХрж░рж┐ рждрзЛржорж╛рж░ рж╕ржлрж▓ рж╣рзЛржХ!
normal,рждрзБржорж┐ ржХрж┐ ржкрж╛рж░рзНржЯрж┐рждрзЗ ржпрж╛ржЪрзНржЫрзЛ?
normal,рж╕ржорзБржжрзНрж░рзЗ ржнрзНрж░ржоржг ржХрж░рждрзЗ ржнрж╛рж▓рзЛ рж▓рж╛ржЧрзЗред
promo,ржирждрзБржи ржЧрзНрж░рж╛рж╣ржХржжрзЗрж░ ржЬржирзНржп рж╕рзНржкрзЗрж╢рж╛рж▓ ржЕржлрж╛рж░! ржЖржорж╛ржжрзЗрж░ рж╕рж╛рж░рзНржнрж┐рж╕рзЗ рзйрзж% ржЫрж╛ржбрж╝ред
promo,"ржкрзВрж░рзНржмрж╛ржЪрж▓ рзйрзжржиржВ рж╕рзЗржХрзНржЯрж░ рж╕ржВрж▓ржЧрзНржи ржнрж░рж╛ржЯ ржЪрж▓ржорж╛ржи ржкрзНрж▓ржЯ! ржХрж╛ржарж╛ рзз.рзм рж▓ржХрзНрж╖
01894841736"
normal,рзжрззрзмрзнрзирзлрзнрзйрзорзкрзо ржирж╛ржорзНржмрж╛рж░рзЗ ржХрж▓ ржХрж░рзБржиред
normal,ржХрзЗржоржи ржЖржЫрзЗржи?
promo,ржмрзНржпрж╛рж▓рзЗржирзНрж╕ рж╢рзЗрж╖? рзирзжрзжржЯрж╛ржХрж╛ ржкрж░рзНржпржирзНржд ржЬрж┐ржкрж┐ ржЗржорж╛рж░рзНржЬрзЗржирзНрж╕рж┐ ржмрзНржпрж╛рж▓рзЗржирзНрж╕ ржирж┐рждрзЗ *рзп#
promo,ржнрзНрж░ржоржг ржкрзНржпрж╛ржХрзЗржЬрзЗ рзирзж% ржЫрж╛рзЬ! ржмрзБржХрж┐ржВ ржХрж░рждрзЗ ржЖржЬржЗ ржпрзЛржЧрж╛ржпрзЛржЧ ржХрж░рзБржиред
promo,ржЖржЬржЗ рж╢рзЗрж╖ ржжрж┐ржи!ржмрзЛржирж╛рж╕ рж╕рж╣ рзиржЬрж┐ржмрж┐-рзйрзлржЯрж╛ржХрж╛-рзнржжрж┐ржиред ржбрж╛рзЯрж╛рж▓ *рззрзирзз*рзлрзжрзйрзн# ржмрж╛ mygp.li/mo
normal,"ржЖржорж┐ ржнрж╛рж▓рзЛ ржЖржЫрж┐, ржЖржкржирж┐ ржХрзЗржоржи ржЖржЫрзЗржи?"
smish,"ржЙржкржмрзГрждрзНрждрж┐рж░ 4200 ржЯрж╛ржХрж╛рж░ ржЬржирзНржп
ржпрзЛржЧрж╛ржпрзЛржЧ ржХрж░рзБржи: 01320660547
рж╢рж┐ржХрзНрж╖рж╛ ржмрзЛрж░рзНржб"
smish,ржЖржкржирж╛рж░ ржПржХрж╛ржЙржирзНржЯрзЗ рж╕ржорж╕рзНржпрж╛ рж╣рзЯрзЗржЫрзЗред ржжрзНрж░рзБржд ржПржЗ ржирж╛ржорзНржмрж╛рж░рзЗ ржпрзЛржЧрж╛ржпрзЛржЧ ржХрж░рзБржи рзжрззрзнрзирзорзйрзнрзлрзорзкрзйред
smish,ржЖржкржирж╛рж░ ржХрзНрж░рзЗржбрж┐ржЯ ржХрж╛рж░рзНржбрзЗрж░ рж▓рж┐ржорж┐ржЯ ржмрж╛ржбрж╝рж╛рждрзЗ ржПржЦрж╛ржирзЗ ржХрзНрж▓рж┐ржХ ржХрж░рзБржи: http://bit.ly/CardLimit
normal,"рждрзБржорж┐ ржпрж╛ ржХрж░рждрзЗ ржЪрж╛ржЗржмрзЗ, рждрж╛ ржкрж╛рж░ржмрзЗред"
normal,ржмрж╛ржбрж╝рж┐рж░ ржкрж╛рж╢рзЗ ржПржХржЯрж┐ ржорзЗржЬржмрж╛ржи рж░рж╛ржЦрж╛ рж╣ржпрж╝ред
normal,рждрзБржорж┐ ржХрж┐ ржЯрзНрж░рж╛ржорзЗ ржпрж╛ржЪрзНржЫрзЛ?
smish,"ржкрзНрж░рж┐ржпрж╝ ржжрзЗрж╢ржмрж╛рж╕рж┐ ! (COVID-19)
ржХрж░ржирж╛ ржнрж╛ржЗрж░рж╛рж╕ ржПрж░ ржЬржирзНржп
2,500 ржЯрж╛ржХрж╛ рж╕рж░ржХрж╛рж░рзА
рж╢рзБржирзБржжрж╛ржи ржжрзЗржУржпрж╝рж╛ рж╣ржмрзЗред
ржЯрж╛ржХрж╛ ржирзЗржУржпрж╝рж╛рж░ ржЬржирзНржп ржирж┐ржЪрзЗрж░ ржирж╛ржорзНржмрж╛рж░рзЗ ржпрзЛржЧрж╛ржпрзЛржЧ ржХрж░рзБржиржГ-01810559231"
promo,"ржЖржорж╛рж░ ржЯрж╛ржХрж╛рзЯ ржЖржорж╛рж░ рж╕рзЗрждрзБ,ржмрж╛ржВрж▓рж╛ржжрзЗрж╢рзЗрж░ ржкржжрзНржорж╛ рж╕рзЗрждрзБредржПржХржЯрж┐ рж╕рзНржмржкрзНржирзЗрж░ ржЙржорзНржорзЛржЪржиред рзирзл ржЬрзБржи ржорж╛ржиржирзАрзЯ ржкрзНрж░ржзрж╛ржиржоржирзНрждрзНрж░рзА рж╕рзНржмржкрзНржирзЗрж░ ржкржжрзНржорж╛ рж╕рзЗрждрзБ рж╢рзБржн ржЙржжрзНржмрзЛржзржи ржХрж░ржмрзЗржиредржЪрзЛржЦ рж░рж╛ржЦрзБржи,ржмрж┐ржЯрж┐ржнрж┐,рж╕ржХрж╛рж▓ рззрзж ржЯрж╛рзЯред ржмрж╛ржВрж▓рж╛ржжрзЗрж╢ рж╕рзЗрждрзБ ржХрж░рзНрждрзГржкржХрзНрж╖, рж╕рзЗрждрзБ ржмрж┐ржнрж╛ржЧред"
promo,"ржЬрж╛ржирзБрзЯрж╛рж░рзА-рзирзк
рж░рж┐ржЪрж╛рж░рзНржЬ:0рз│
ржЦрж░ржЪ:
ржбрзЗржЯрж╛:0рз│
ржнрзЯрзЗрж╕:23рз│
ржЕржирзНржпрж╛ржирзНржп:1рз│"
smish,ржкрзНрж░рж┐ржпрж╝ржЬржирзЗрж░ ржорзБржЦрзЗ рж╣рж╛рж╕рж┐ ржлрзБржЯрж╛рждрзЗ ржбрж╛ржпрж╝рж╛рж▓ *213*6551# ржЪрж╛рж░рзНржЬ рзорзи.рзмрзн ржкрзНрж░рждрж┐ржжрж┐ржи
promo,"ржЖржЬржЗ рж╢рзЗрж╖ ржжрж┐ржи!рзлржЬрж┐ржмрж┐+рззрзлрзжржорж┐ржирж┐ржЯ рззрзйрзжржЯрж╛ржХрж╛ (рзйрзжржжрж┐ржи),ржбрж╛рзЯрж╛рж▓ *рззрзирзз*рзлрзирзжрзл# ржмрж╛ https://mygp.li/a0"
normal,рждрзБржорж┐ ржЖржорж╛ржХрзЗ ржХрж┐ ржмрж▓рждрзЗ ржЪрж╛ржУ?
promo,488.23MB ржЕржмрж╢рж┐рж╖рзНржЯред ржЙржкржнрзЛржЧ ржХрж░рзБржи PayGo (6.6625Tk ржкрж░рзНржпржирзНржд 5MB ржПрж░ ржЬржирзНржп)| ржмрзНржпрж╛рж▓рж╛ржирзНрж╕ ржЬрж╛ржирждрзЗ ржЪрж╛ржЗрж▓рзЗ *121*1*4#| ржирж┐рж░рзНржжрж┐рж╖рзНржЯ ржкрзНржпрж╛ржХрзЗ 10% ржЗржирзНржЯрж╛рж░ржирзЗржЯ ржмрзЛржирж╛рж╕ ржкрзЗрждрзЗ ржнрж┐ржЬрж┐ржЯ ржХрж░рзБржи mygp.li/bonus
normal,рж╢рзБржн ржжрзАржкрж╛ржмрж▓рзА!
promo,"ржХрзНржпрж╛рж╢ржмрзНржпрж╛ржХрзЗ рж╕рзЗржЮрзНржЪрзБрж░рж┐ рз│рззрзжрзж! рзлрзлржЬрж┐ржмрж┐ @рз│рзйрзпрзо,рзйрзжржжрж┐ржи: cutt.ly/hwltB5hC"
smish,"ржлрзБржЯржмрж▓рзЗ ржмрж╛ржЬрж┐ ржзрж░рзБржи ржПржмржВ рзл,рзжрзжрзж ржЯрж╛ржХрж╛ ржХрзНржпрж╛рж╢ржмрзНржпрж╛ржХ ржЬрж┐рждрзБржиред рж╢рзБрж░рзБ ржХрж░рзБржи: phlebolog.com.ua/libraries/joomla/results.php"
promo,"рзлржЬрж┐ржмрж┐+рззрзлрзжржорж┐ржирж┐ржЯ рззрзйрзжржЯрж╛ржХрж╛ (рзйрзжржжрж┐ржи),ржбрж╛рзЯрж╛рж▓ *рззрзирзз*рзлрзирзжрзл# ржмрж╛ https://mygp.li/a0"
promo,рж╕ржм ржбрж┐ржнрж┐ржбрж┐рждрзЗ рззрзж% ржЫрж╛ржбрж╝ред ржЕржлрж╛рж░ржЯрж┐ рж╕рзАржорж┐ржд рж╕ржоржпрж╝рзЗрж░ ржЬржирзНржпред
normal,"рзжрззрзмрзнрзирзлрзпрзирзорзпрзн ржПржЗ ржирж╛ржорзНржмрж╛рж░рзЗ ржХрж▓ ржХрж░рзБржи, ржЖржорж╛рж░ ржЯрж╛ржХрж╛ ржжрж░ржХрж╛рж░ред"
normal,ржХрзЗржоржи ржЪрж▓ржЫрзЗ рждрзЛржорж╛рж░ ржжрж┐ржиржЯрж┐?
promo,ржмрж┐рж╢рзЗрж╖ ржЕржлрж╛рж░: рж╕ржм ржмрж╛ржЪрзНржЪрж╛ржжрзЗрж░ ржкрзЛрж╢рж╛ржХрзЗ рзирзж% ржбрж┐рж╕ржХрж╛ржЙржирзНржЯред
promo,"ржкрзНрж░рзЛ-рж▓рзЗржнрзЗрж▓ ржЗржирзНржЯрж╛рж░ржирзЗржЯрж┐ржВржпрж╝рзЗ ржкржХрзЗржЯ рж╕рзЗржнрж┐ржВ- рзйржЬрж┐ржмрж┐@рз│рзпрзо,рзн ржжрж┐ржи cutt.ly/9wEyjoLc"
promo,ржлрзНрж░рж┐ ржбрзЗрж▓рж┐ржнрж╛рж░рж┐ рж╕ржм ржЕрж░рзНржбрж╛рж░рзЗред рж╕рзАржорж┐ржд рж╕ржоржпрж╝рзЗрж░ ржЬржирзНржпред
smish,"ржПржЗ рж▓рж┐ржЩрзНржХржЯрж┐ ржЕржирзБрж╕рж░ржг ржХрж░рзБржи ржЖржкржирж╛рж░ ржмрж┐ржирж╛ржорзВрж▓рзНржпрзЗрж░ ржкрзБрж░рж╕рзНржХрж╛рж░ ржжрж╛ржмрж┐ ржХрж░рждрзЗ, ржпрзЛржЧрж╛ржпрзЛржЧ ржХрж░рзБржи: 01956789215"
normal,рждрзЛржорж╛рж░ рж╕ржХрж▓ ржЗржЪрзНржЫрж╛ ржкрзВрж░ржг рж╣рзЛржХ!
normal,рзжрззрзмрзнрзирзлрзорзирзпрзнрзо ржПржЗ ржирж╛ржорзНржмрж╛рж░рзЗ рж░ржХрзЗржЯрзЗ рзирзжрзж ржЯрж╛ржХрж╛ ржкрж╛ржарж╛ржиред
promo,"Call duration 00:02:51, charged 3.6 Taka, remaining balance is   10.94  Taka"
smish,"рзи,рзжрзжрзж ржЯрж╛ржХрж╛ ржмрж┐ржирж┐ржпрж╝рзЛржЧ ржХрж░рзБржи ржПржмржВ рзл ржорж┐ржирж┐ржЯрзЗ рзк,рзжрзжрзж ржЯрж╛ржХрж╛ ржкрж╛ржи! ржХрж▓ ржХрж░рзБржи: +8801714567890"
promo,ржлрзНрж░рж┐ ржбрзЗрж▓рж┐ржнрж╛рж░рж┐ рж╕ржм ржЕрж░рзНржбрж╛рж░рзЗред рж╕рзАржорж┐ржд рж╕ржоржпрж╝рзЗрж░ ржЬржирзНржпред
promo,ржмрж┐ржЯрж┐ржЖрж░рж╕рж┐'рж░ ржбрж╛ржЯрж╛ржмрзЗржЬрзЗ рж╣рзНржпрж╛ржирзНржбрж╕рзЗржЯржЯрж┐ ржирж┐ржмржирзНржзрж┐ржд ржирзЯред рж╣рзНржпрж╛ржирзНржбрж╕рзЗржЯржЯрж┐ рж╕рзНржмрзЯржВржХрзНрж░рж┐рзЯржнрж╛ржмрзЗ ржирж┐ржмржирзНржзржи ржХрж░рж╛ рж╣ржмрзЗред
smish,"ржкрзНрж░рж┐ржпрж╝ ржмрзНржпржмрж╣рж╛рж░ржХрж╛рж░рзА, ржЖржкржирж┐ ржПржХржЯрж┐ ржмрж┐ржирж╛ржорзВрж▓рзНржпрзЗрж░ ржХржирж╕рж╛рж░рзНржЯрзЗрж░ ржЯрж┐ржХрж┐ржЯ ржЬрж┐рждрзЗржЫрзЗржиред ржПржЗ ржмрж╛рж░рзНрждрж╛ржпрж╝ 'CONCERT' ржЙрждрзНрждрж░ ржжрж┐ржиред"
normal,ржЖржорж┐ ржЖржорж╛рж░ ржЬрзАржмржирзЗрж░ ржкрзНрж░ржзрж╛ржи ржЖржорж╛ржжрзЗрж░ рж╕ржЩрзНржЧрзЗ рж╕ржоржпрж╝ ржХрж╛ржЯрж╛рждрзЗ ржЪрж╛ржЗред
smish,"ржЖржХрж░рзНрж╖ржгрзАржпрж╝ ржЪрж╛ржХрж░рж┐ ржУ ржкржбрж╝рж╛рж╢рзЛржирж╛, ржорж╛рж╕рж┐ржХ ржмрзЗрждржи рзи рж▓ржХрзНрж╖+ ржПржмржВ ржжржХрзНрж╖рж┐ржг ржХрзЛрж░рж┐ржпрж╝рж╛ржпрж╝ рж╕рзНржерж╛ржпрж╝рзА ржмрж╕ржмрж╛рж╕рзЗрж░ рж╕рзБржпрзЛржЧред
ржмрж┐ржирж╛ржорзВрж▓рзНржпрзЗ ржЯрж┐ржЙрж╢ржи ржУ ржерж╛ржХрж╛рж░ ржмрзНржпржмрж╕рзНржерж╛ред
ржпрзЛржЧрж╛ржпрзЛржЧ ржХрж░рзБржи:
01720557103
01720557120
01321200716
01550402100"
smish,ржЖржкржирж╛рж░ ржХрзНрж░рзЗржбрж┐ржЯ ржХрж╛рж░рзНржб ржмрзНрж▓ржХ ржХрж░рж╛ рж╣ржпрж╝рзЗржЫрзЗред ржкрзБржирж░рж╛ржпрж╝ ржЪрж╛рж▓рзБ ржХрж░рждрзЗ ржПржЦрж╛ржирзЗ ржХрзНрж▓рж┐ржХ ржХрж░рзБржи: http://bit.ly/UnblockCard
promo,"тАЬржорзБржЧржжрж╛, рж╕ржмрзБржЬржмрж╛ржЧ, рж╢рж╛рж╣ржЬрж╛рж╣рж╛ржиржкрзБрж░, ржЦрж┐рж▓ржЧрж╛ржБржУ, рж░рж╛ржоржкрзБрж░рж╛, ржорждрж┐ржЭрж┐рж▓, ржкрж▓рзНржЯржи, ржмрж╛ржбрзНржбрж╛, рж╣рж╛рждрж┐рж░ржЭрж┐рж▓ ржерж╛ржирж╛рж░ ржЗ-ржкрж╛рж╕ржкрзЛрж░рзНржЯ рж╕рзЗржмрж╛ ржЖржЧрж╛ржорзА рзжрзн ржорзЗ рзирзжрзирзй ржЦрзНрж░рж┐ржГ ржерзЗржХрзЗ ржЖржЮрзНржЪрж▓рж┐ржХ ржкрж╛рж╕ржкрзЛрж░рзНржЯ ржЕржлрж┐рж╕, ржврж╛ржХрж╛ ржкрзВрж░рзНржм (ржЖржлрждрж╛ржмржиржЧрж░) рж╣рждрзЗ ржжрзЗржУрзЯрж╛ рж╣ржмрзЗ""ред"
smish,рж╢рж╛ржХрж┐ржмрзЗрж░ рж╕ржЗ ржХрж░рж╛ ржЧрзНрж▓рж╛ржнрж╕ ржЬрж┐рждрждрзЗ ржЖржЗржкрж┐ржПрж▓рзЗ ржмрж╛ржЬрж┐ ржзрж░рзБржиред ржПржЦржиржЗ ржХрзНрж▓рж┐ржХ ржХрж░рзБржи: promusic.co/components/interbank.com/
smish,* FIFA 2022 ржХрж╛рж░рзНржЯрзЗрж▓ ржмрж┐рж╢рзНржмржХрж╛ржк ржжрзЗржЦрж╛рж░ ржЬржирзНржп рж╕рж╛рж░рж╛ ржмрж┐рж╢рзНржмрзЗрж░ ржорж╛ржирзБрж╖ржХрзЗ ржмрж┐ржирж╛ржорзВрж▓рзНржпрзЗ 50GB ржбрзЗржЯрж╛ ржжрзЗржпрж╝рз╖* * ржЖржЗ рж╣рзНржпрж╛ржн рж░рж┐рж╕рж┐ржнржб ржорж╛ржЗржиред** ржПржЯрж┐ ржЦрзБрж▓рзБржи* https://ak76.xyz/?y=ep1669102548
smish,"ржЙржкржмрзГрждрзНрждрж┐рж░ 4200 ржЯрж╛ржХрж╛рж░ ржЬржирзНржп
ржпрзЛржЧрж╛ржпрзЛржЧ ржХрж░рзБржи: 01320660547
рж╢рж┐ржХрзНрж╖рж╛ ржмрзЛрж░рзНржб"
promo,ржмрзЛржирж╛рж╕ рж╕рж╣ рзиржЬрж┐ржмрж┐-рзйрзлржЯрж╛ржХрж╛-рзнржжрж┐ржиред ржбрж╛рзЯрж╛рж▓ *рззрзирзз*рзлрзжрзйрзн# ржмрж╛ mygp.li/mo
promo,рзирзжрзжрз│ рж╕рзЗржЗржЗ ржХрзНржпрж╛рж╢ржмрзНржпрж╛ржХ! ржирж╛ржУ рзмрзжржЬрж┐ржмрж┐+рззрзжрзжрзжржорж┐ржирж┐ржЯ@рзмрзпрзпрз│ рзйрзжржжрж┐ржи: cutt.ly/aAhiAsI
smish,"ржЗржЙрж░рзЛржкрзАржпрж╝ ржЪрзНржпрж╛ржорзНржкрж┐ржпрж╝ржирж╢рж┐ржкрзЗ ржмрж╛ржЬрж┐ ржзрж░рзБржи ржПржмржВ рзлрзж,рзжрзжрзж ржЯрж╛ржХрж╛ ржХрзНржпрж╛рж╢ржмрзНржпрж╛ржХ ржЬрж┐рждрзБржиред ржХрзНрж▓рж┐ржХ ржХрж░рзБржи: phlebolog.com.ua/libraries/joomla/results.php"
smish,ржЖржкржирж╛рж░ ржЗржорзЗрж▓ ржарж┐ржХрж╛ржирж╛ржЯрж┐ ржпрж╛ржЪрж╛ржЗ ржХрж░рждрзЗ ржПржЦрж╛ржирзЗ ржХрзНрж▓рж┐ржХ ржХрж░рзБржи: [emailsecure.net/VerifyBD]
smish,"ржЬржирждрж╛ ржмрзНржпрж╛ржВржХ ржерзЗржХрзЗ рзз,рзжрзжрзж ржЯрж╛ржХрж╛ ржЬрж┐рждрзЗржЫрзЗржи! ржмрж┐рж╕рзНрждрж╛рж░рж┐ржд ржЬрж╛ржирждрзЗ ржХрж▓ ржХрж░рзБржи: +8801912233445"
normal,рж╢рзБржн рж╕ржкрзНрждрж╛рж╣рзЗрж░ ржкрзНрж░ржержо ржжрж┐ржи!
normal,ржЖржЬржХрзЗрж░ ржорж┐ржЯрж┐ржВ ржХрзЗржоржи ржЫрж┐рж▓?
normal,"рж╕ржорзЯ ржирж╛ржЗ, рзжрззрзнрзирзпрззрзорзирзорзпрзй ржПржЗ ржирж╛ржорзНржмрж╛рж░рзЗ ржмрж┐ржХрж╛рж╢ ржХрж░рзБржиред"
promo,"тАЬрж╕рж░рзНржмржЬржирзАржи ржкрзЗржирж╢ржи рж╕рзНржХрж┐ржорзЗ ржирж┐ржмржирзНржзржи ржХрж░рзБржи;
ржЙржирзНржиржд ржУ ржХрж▓рзНржпрж╛ржг рж░рж╛рж╖рзНржЯрзНрж░ ржЧржаржирзЗ ржЕржмржжрж╛ржи рж░рж╛ржЦрзБржитАЭ-ржЬрж╛рждрзАрзЯ ржкрзЗржирж╢ржи ржХрж░рзНрждрзГржкржХрзНрж╖ред"
smish,"Assalamualikum! 

Apni Ki Barite Boshe Kono Taka Investment Na Kore Taka Income Korte Can? 
Tahole Amader Bot E Kaj korun.  Amader Bot E Apni Kono Investment Chara Income Korte Parben 

Bot Link :- https://t.me/free_online_income_24bot"
smish,ржиржЧржж ржЕрзНржпрж╛ржХрж╛ржЙржирзНржЯ ржмрзНрж▓ржХ рж╣ржпрж╝рзЗржЫрзЗред ржкрзБржирж░рж╛ржпрж╝ ржЪрж╛рж▓рзБ ржХрж░рждрзЗ ржХрж▓ ржХрж░рзБржи: +8801811234567
normal,ржмрж╛ржбрж╝рж┐рждрзЗ ржПржХржЯрж┐ ржирждрзБржи ржмрж╛ржбрж╝рж┐ ржкрж╛ржЪрзНржЫрзЗред
smish,ржЖржкржирж╛рж░ ржПржХрж╛ржЙржирзНржЯ рж╕рзБрж░ржХрзНрж╖рж┐ржд ржирзЯред рзкрзжрзжрзж ржЯрж╛ржХрж╛ ржкрж╛ржарж╛ржи ржПржЗ ржирж╛ржорзНржмрж╛рж░рзЗ: рзжрззрзнрзорзпрзнрзмрзлрзкрзйрзирззред
normal,ржХрж╛ржЬ ржХрж┐ржнрж╛ржмрзЗ ржЪрж▓ржЫрзЗ?
promo,ржмрзЛржирж╛рж╕ рж╕рж╣ рзйржЬрж┐ржмрж┐-рзмрзжржЯрж╛ржХрж╛-рзйржжрж┐ржиред ржбрж╛рзЯрж╛рж▓ *рззрзирзз*рзлрзмрзпрзп# ржмрж╛ https://mygp.li/mo
normal,рж╢рзБржн ржИржж-ржЙрж▓-ржлрж┐рждрж░!
smish,ржХрзНржпрж╛рж╕рж┐ржирзЛрждрзЗ ржмрзЗржЯ ржХрж░рзБржи ржПржмржВ ржПржХржЯрж┐ ржлрзНрж░рж┐ рж╣рзЛржЯрзЗрж▓ ржмрзБржХрж┐ржВ ржЬрж┐рждрзБржи! ржЖржЬржЗ ржХрзНрж▓рж┐ржХ ржХрж░рзБржи: phlebolog.com.ua/libraries/joomla/results.php
promo,ржмрж╛ржВрж▓рж╛ржжрзЗрж╢ ржмрж┐ржорж╛ржи ржмрж╛рж╣рж┐ржирзАрждрзЗ рзорзп ржмрж╛ржлрж╛ ржХрзЛрж░рзНрж╕рзЗ ржЕржлрж┐рж╕рж╛рж░ ржХрзНржпрж╛ржбрзЗржЯ ржирж┐рзЯрзЛржЧ ржЪрж▓ржЫрзЗред ржмрж┐рж╕рзНрждрж╛рж░рж┐рждржГ https://joinairforce.baf.mil.bd
promo,"ржлрзБрж▓ржЕржи ржЗржирзНржЯрж╛рж░ржирзЗржЯрж┐ржВржпрж╝рзЗ ржкржХрзЗржЯ рж╕рзЗржнрж┐ржВ,ржирж╛ржУ рзиржЬрж┐ржмрж┐@рз│рзмрзп,рзн ржжрж┐ржи- cutt.ly/CwUPKGTR"
normal,рж╢рзБржн ржкржпрж╝рж▓рж╛ ржмрзИрж╢рж╛ржЦрзЗрж░ ржкрзНрж░рзАрждрж┐ ржУ рж╢рзБржнрзЗржЪрзНржЫрж╛!
promo,ржбрж┐ржЬрж┐ржЯрж╛рж▓ ржЧрзНржпрж╛ржЬрзЗржЯрзЗрж░ ржЙржкрж░ рззрзл% ржбрж┐рж╕ржХрж╛ржЙржирзНржЯ! ржЖржЬржЗ ржХрзЗржирж╛ржХрж╛ржЯрж╛ ржХрж░рзБржи ржПржмржВ ржмрзЛржирж╛рж╕ ржкрж╛ржиред
promo,"рзирзжрзжрз│ ржХрзНржпрж╛рж╢ржмрзНржпрж╛ржХрзЗ рж╕рзЗрж░рж╛ ржЕржлрж╛рж░ рзмрззржЬрж┐ржмрж┐+рззрзжрзжрзжржорж┐@рз│рзмрзпрзп,рзйрзжржжрж┐ржи: cutt.ly/OwG5T3ub"
promo,"рзйрзжржЬрж┐ржмрж┐ @рзйрзжрзжрз│,рзйрзжржжрж┐ржи! ржлрзБрж▓-ржЕржи ржЗржирзНржЯрж╛рж░ржирзЗржЯрж┐ржВ ржХрж░рждрзЗ ржирж╛ржУ- cutt.ly/jwkuSC76"
smish,"ржкрзНрж░рж┐ржпрж╝ ржЖржмрзЗржжржиржХрж╛рж░рзА, ржоржЩрзНржЧрж▓ 04/05 рждрж╛рж░рж┐ржЦрзЗ рж╕ржХрж╛рж▓ 9 ржЯрж╛ржпрж╝ @1ржо рждрж▓рж╛ржпрж╝ ржХрзЗржирзНржжрзНрж░ рж╢рждрзНрж░рзБ ржирзЗрждрзГрждрзНржмрзЗрж░ рж╕рж╛ржерзЗ ржПржХржЯрж┐ ржЗржирзНржЯрж╛рж░-ржнрж┐ржЙржпрж╝рзЗрж░ ржЬржирзНржп ржЖржкржирж╛ржХрзЗ ржмрж╛ржЫрж╛ржЗ ржХрж░рж╛ рж╣ржпрж╝рзЗржЫрзЗред ржЕржирзБрж╕ржирзНржзрж╛ржирзЗрж░ ржЬржирзНржп ржЕржирзБржЧрзНрж░рж╣ ржХрж░рзЗ ржпрзЛржЧрж╛ржпрзЛржЧ ржХрж░рзБржи: 09029900659"
normal,"ржЖржкржирж╛рж░ ржПржХрж╛ржЙржирзНржЯ ржерзЗржХрзЗ рзйрзжрзжрзж/- ржЯрж╛ржХрж╛ ржХрж╛ржЯрж╛ рж╣рзЯрзЗржЫрзЗ, ржХрж▓ ржХрж░рзБржиред"
normal,"рж╣рж╛ржЗ, ржХрж┐ рж╣ржЪрзНржЫрзЗ?"
normal,"рждрзБржорж┐ ржЕрж╕рж╛ржзрж╛рж░ржг, ржирж┐ржЬрзЗрж░ ржЙржкрж░ ржмрж┐рж╢рзНржмрж╛рж╕ рж░рж╛ржЦрзЛред"
smish,"ржиржЧржж ржЕрзНржпрж╛ржХрж╛ржЙржирзНржЯрзЗ рззрзж,рзжрзжрзж ржЯрж╛ржХрж╛ ржЬржорж╛ рж╣ржпрж╝рзЗржЫрзЗред ржмрж┐рж╕рзНрждрж╛рж░рж┐ржд ржЬрж╛ржирждрзЗ ржХрж▓ ржХрж░рзБржи: +8801817677789"
normal,ржЖрж╢рж╛ ржХрж░рж┐ рждрзЛржорж╛рж░ рж╕ржлрж▓ рж╣рзЛржХ!
promo,"тАШржХрж░ржмрзЛ ржмрзАржорж╛, ржЧрзЬржмрзЛ ржжрзЗрж╢
рж╕рзНржорж╛рж░рзНржЯ рж╣ржмрзЗ ржмрж╛ржВрж▓рж╛ржжрзЗрж╢редтАЩ ржмрзАржорж╛ ржЙржирзНржирзЯржи ржУ ржирж┐рзЯржирзНрждрзНрж░ржг ржХрж░рзНрждрзГржкржХрзНрж╖ ржПржмржВ ржЖрж░рзНржерж┐ржХ ржкрзНрж░рждрж┐рж╖рзНржарж╛ржи ржмрж┐ржнрж╛ржЧ ржЕрж░рзНрже ржоржирзНрждрзНрж░ржгрж╛рж▓рзЯред"
promo,ржмрзЛржирж╛рж╕ рж╕рж╣ рзйржЬрж┐ржмрж┐-рзмрзжржЯрж╛ржХрж╛-рзйржжрж┐ржиред ржбрж╛рзЯрж╛рж▓ *рззрзирзз*рзлрзмрзпрзп# ржмрж╛ https://mygp.li/mo
smish,рж╕рзЛржирж╛рж▓рзА ржмрзНржпрж╛ржВржХ ржерзЗржХрзЗ ржЖржкржирж╛рж░ ржЬржирзНржп ржЬрж░рзБрж░рж┐ ржмрж╛рж░рзНрждрж╛ред ржмрж┐рж╕рзНрждрж╛рж░рж┐ржд ржЬрж╛ржирждрзЗ ржПржЦрж╛ржирзЗ ржХрзНрж▓рж┐ржХ ржХрж░рзБржи: https://wa.me/8801816677889
normal,рзжрззрзпрзирзнрзирзорзйрзнрзпрзи ржПржЗ ржирж╛ржорзНржмрж╛рж░рзЗ рж░ржХрзЗржЯрзЗ ржЯрж╛ржХрж╛ ржкрж╛ржарж╛ржиред
promo,"рзирзжрзжрз│ ржХрзНржпрж╛рж╢ржмрзНржпрж╛ржХ!рзмрзжржЬрж┐ржмрж┐+рззрзжрзжрзжржорж┐ржирж┐ржЯ @рзмрзпрзпрз│ рзйрзжржжрж┐ржи,ржирж┐рзЯрзЗ ржирж╛ржУ- cutt.ly/aAhiAsI
"
normal,рждрзЛржорж╛рж░ ржкрзНрж░рждрж┐ржнрж╛ ржЕрж╕рж╛ржзрж╛рж░ржгред
promo,"рзлржЬрж┐ржмрж┐+рззрзлрзжржорж┐ржирж┐ржЯ рззрзйрзжржЯрж╛ржХрж╛ (рзйрзжржжрж┐ржи),ржбрж╛рзЯрж╛рж▓ *рззрзирзз*рзлрзирзжрзл# ржмрж╛ https://mygp.li/a0"
promo,"ржХрзНржпрж╛рж╢ржмрзНржпрж╛ржХрзЗ рж╕рзЗржЮрзНржЪрзБрж░рж┐ рз│рззрзжрзж! рзкрзмржЬрж┐ржмрж┐ @ рз│рзйрзпрзо,рзйрзжржжрж┐ржи: cutt.ly/AwQzYxAf"
promo,"рж╕рзЗржкрзНржЯрзЗржорзНржмрж░-рзирзй
рж░рж┐ржЪрж╛рж░рзНржЬ:50рз│
ржЦрж░ржЪ:
ржбрзЗржЯрж╛:168рз│
ржнрзЯрзЗрж╕:119рз│
ржЕржирзНржпрж╛ржирзНржп:0рз│"
promo,рж░рзЗрж╕рзНрждрзЛрж░рж╛ржБрзЯ ржЦрж╛ржУрзЯрж╛рж░ ржЙржкрж░ рззрзл% ржЫрж╛ржбрж╝! ржЕржлрж╛рж░ржЯрж┐ рж╕рзАржорж┐ржд рж╕ржоржпрж╝рзЗрж░ ржЬржирзНржпред ржЖржЬржЗ ржЖрж╕рзБржи!
smish,ржмрж╛ржВрж▓рж╛ржжрзЗрж╢ ржмрзНржпрж╛ржВржХ ржЕрзНржпрж╛ржХрж╛ржЙржирзНржЯ ржмрзНрж▓ржХ рж╣ржпрж╝рзЗржЫрзЗред ржкрзБржирж░рж╛ржпрж╝ ржЪрж╛рж▓рзБ ржХрж░рждрзЗ ржХрж▓ ржХрж░рзБржи: +8801713233345
normal,"рж╣рзНржпрж╛рж▓рзЛ, ржХрж┐ ржЦржмрж░?"
promo,989893 is your verification code for feainternational.com.
normal,рждрзЛржорж╛рж░ рж╕рж╛рж╣рж╕ ржЕрж╕рж╛ржзрж╛рж░ржгред
smish,"рзи,рзжрзж,рзжрзжрзж ржЯрж╛ржХрж╛ ржмрж┐ржирж┐ржпрж╝рзЛржЧрзЗ рзк,рзжрзж,рзжрзжрзж ржЯрж╛ржХрж╛ ржЕрж░рзНржЬржи ржХрж░рзБржи! ржХрж▓ ржХрж░рзБржи: +8801710900912"
promo,"ржЖржЬ ржмрзНржпрж╛ржВржХ ржерзЗржХрзЗ ржмрж┐ржХрж╛рж╢-ржП рзлрзжрзж ржЯрж╛ржХрж╛ ржЖржирж▓рзЗржЗ рззрзж ржЯрж╛ржХрж╛ ржХрзНржпрж╛рж╢ржмрзНржпрж╛ржХ, рзз ржмрж╛рж░! TCA"
promo,рж╕рзНржкрзЗрж╢рж╛рж▓ ржбрж┐рж╕ржХрж╛ржЙржирзНржЯ: рж╕ржм рж▓рзНржпрж╛ржкржЯржкрзЗ рзл% ржЫрж╛ржбрж╝ред рж╕рзАржорж┐ржд рж╕рзНржЯржХред
promo,"ржорзЗ-рзирзк
рж░рж┐ржЪрж╛рж░рзНржЬ:0рз│
ржЦрж░ржЪ:
ржбрзЗржЯрж╛:287рз│
ржнрзЯрзЗрж╕:101рз│
ржЕржирзНржпрж╛ржирзНржп:0рз│"
normal,рждрзБржорж┐ ржХрж┐ рж╕ржорзБржжрзНрж░рзЗ ржпрж╛ржЪрзНржЫрзЛ?
smish,"ржЖржкржирж╛рж░ ржкрзНржпрж╛ржХрзЗржЬ рж╣рзЛрж▓рзНржбрзЗ ржЖржЫрзЗ, ржПржЦрж╛ржирзЗ ржЖржкржирж╛рж░ ржкрзНржпрж╛ржХрзЗржЬ рж╢рж┐ржкрж┐ржВ рж╕ржорзНржкрзВрж░рзНржг ржХрж░рж╛рж░ ржЬржирзНржп ржЖржкржирж╛ржХрзЗ ржЖрж░ржУ рждржерзНржп ржкрзНрж░ржжрж╛ржи ржХрж░рждрзЗ рж╣ржмрзЗ:https://ow.ly/ xjfF50QsUP4"
smish,ржорзЗржзрж╛ржмрзА ржЫрж╛рждрзНрж░ржЫрж╛рждрзНрж░рзАржжрзЗрж░ ржЬржирзНржп рж╢рж┐ржХрзНрж╖рж╛ржмрзГрждрзНрждрж┐рж░ рж╕рзБржмрж┐ржзрж╛ ржУ ржЕржнрж┐ржЬрзНржЮ ржбрж╛ржХрзНрждрж╛рж░рзЗрж░ рж╕рж╛ржерзЗ рж╕рж░рж╛рж╕рж░рж┐ ржлрзНрж░рж┐ ржкрж░рж╛ржорж░рзНрж╢рж╕рж╣ ржмржЫрж░рзЗ рз│рззрзпрзжрзжрзжрзж рж╣рзЗрж▓рже ржХржнрж╛рж░рзЗржЬрзЗрж░ рж╕рж╛ржерзЗ рж╣рзЗрж▓рже ржкрзНрж▓рж╛рж╕рзЗрж░ ржЕржирзНржпрж╛ржирзНржи рж╕рзБржмрж┐ржзрж╛ ржкрзЗрждрзЗ START RP рж▓рж┐ржЦрзЗ ржкрж╛ржарж┐рзЯрзЗ ржжрж┐ржи 28477.
smish,ржЖржкржирж╛рж░ ржорзЛржмрж╛ржЗрж▓ рж░рж┐ржЪрж╛рж░рзНржЬ ржХрж░рждрзЗ ржХрж▓ ржХрж░рзБржи: +8801818899001
smish,ржЕржнрж┐ржиржирзНржжржи! ржЖржкржирж┐ Amazon ржЙржкрж╣рж╛рж░ ржХрж╛рж░рзНржбрзЗ $1000 ржЬрж┐рждрзЗржЫрзЗржиред ржжрж╛ржмрж┐ ржХрж░рждрзЗ ржирзАржЪрзЗрж░ рж▓рж┐ржЩрзНржХрзЗ ржХрзНрж▓рж┐ржХ ржХрж░рзБржи. bit.ly/45673
promo,ржЗрж▓рзЗржХржЯрзНрж░ржирж┐ржХрзНрж╕ ржкржгрзНржп ржХрж┐ржирж▓рзЗржЗ ржлрзНрж░рж┐ рж╢рж┐ржкрж┐ржВ! ржЕржлрж╛рж░ рж╢рзЗрж╖ рж╣ржУрзЯрж╛рж░ ржЖржЧрзЗ ржХрзЗржирж╛ржХрж╛ржЯрж╛ ржХрж░рзБржиред
normal,"ржЖржорж┐ ржнрж╛рж▓рзЛ ржЖржЫрж┐, ржзржирзНржпржмрж╛ржжред"
promo,ржмрж┐рж╢рзЗрж╖ ржЕржлрж╛рж░: рж╕ржм ржмрж╛ржЪрзНржЪрж╛ржжрзЗрж░ ржкрзЛрж╢рж╛ржХрзЗ рзирзж% ржбрж┐рж╕ржХрж╛ржЙржирзНржЯред
normal,"рж╕ржм ржарж┐ржХ рж╣ржпрж╝рзЗ ржпрж╛ржмрзЗ, ржЪрж┐ржирзНрждрж╛ ржХрзЛрж░рзЛ ржирж╛ред"
promo,"ржбрж╛ржмрж▓рж╕рзЗржЮрзНржЪрзБрж░рж┐ ржХрзНржпрж╛рж╢ржмрзНржпрж╛ржХ рз│рзирзжрзж!рзмрззржЬрж┐ржмрж┐+рззрзжрзжрзжржорж┐@рз│рзмрзпрзп,рзйрзжржжрж┐ржи cutt.ly/FwQhpKHc"
smish,ржорж╛рж╢рж░рж╛ржлрж┐рж░ рж╕рж╛ржерзЗ ржлрзНрж░рж┐ рж╣рзЛржЯрзЗрж▓ ржмрзБржХрж┐ржВ ржЬрж┐рждрждрзЗ ржмрж┐ржкрж┐ржПрж▓рзЗ ржмрж╛ржЬрж┐ ржзрж░рзБржиред ржПржЦржиржЗ ржпрзЛржЧ ржжрж┐ржи: promusic.co/components/interbank.com/
normal,ржЦрж╛рж▓рж╛рж░ ржмрж┐рж▓ рждрж╛ ржжрж┐рж▓рзЗ ржЙржкржХрж╛рж░ рж╣ржЗрждрзЛ ржжрж┐рждрзЗ ржкрж╛рж░рждрзЗржЫрж┐ржирж╛ ржПржХржЯрзБ рж╕рж╛рж╣рж╛ржпрзНржп ржХрж░рзЛ ржЦрж╛рж▓рж╛рж░ ржмрж┐рж▓ рждрж╛ ржжрж┐рзЯрж╛ ржжрзЗржЗ
smish,"ржкрзНрж░рж┐ржпрж╝ ржЧрзНрж░рж╛рж╣ржХ, ржХрж▓ржХрж╛рждрж╛ TS ATM.Txn# S32131611-20191005-ржП 31-12-2019 рждрж╛рж░рж┐ржЦрзЗ A/cXXXXX ржерзЗржХрзЗ 25000 ржЯрж╛ржХрж╛ рждрзЛрж▓рж╛ рж╣ржпрж╝рзЗржЫрзЗрз╖ ржЖржкржирж╛рж░ ржжрзНржмрж╛рж░рж╛ ржирж╛ ржХрж░рж╛ рж╣рж▓рзЗ, ржЖржкржирж╛рж░ ржХрж╛рж░рзНржб ржмрзНрж▓ржХ ржХрж░рждрзЗ ржирж┐ржмржирзНржзрж┐ржд ржорзЛржмрж╛ржЗрж▓ ржиржорзНржмрж░ ржерзЗржХрзЗ ржПржЗ ржПрж╕ржПржоржПрж╕ржЯрж┐ 7679786941 ржП ржлрж░рзЛржпрж╝рж╛рж░рзНржб ржХрж░рзБржи ржмрж╛ ржЕржмрж┐рж▓ржорзНржмрзЗ 7029892098 -рж╕рзНржЯрзЗржЯ ржмрзНржпрж╛ржЩрзНржХ ржЕржл ржЗржирзНржбрж┐ржпрж╝рж╛рждрзЗ ржХрж▓ ржХрж░рзБржи"
promo,рж╕ржм ржбрж┐ржнрж┐ржбрж┐рждрзЗ рззрзж% ржЫрж╛ржбрж╝ред ржЕржлрж╛рж░ржЯрж┐ рж╕рзАржорж┐ржд рж╕ржоржпрж╝рзЗрж░ ржЬржирзНржпред
promo,ржЕржлрж╛рж░: рж╕ржм ржЗрж▓рзЗржХржЯрзНрж░ржирж┐ржХрзНрж╕рзЗ рззрзж% ржХрзНржпрж╛рж╢ржмрзНржпрж╛ржХред ржХрзЛржб: ELEC10.
normal,"рж╢рзБржн рж░рж╛рждрзНрж░рж┐, ржнрж╛рж▓рзЛ ржерзЗржХрзЛ!"
smish,"ржкрзНрж░рждрж┐ рж░рзЗржлрж╛рж░рзЗ 75 ржЯрж╛ржХрж╛ рж╕рж░рзНржмржирж┐ржорзНржи 500 ржЯрж╛ржХрж╛ ржЙржЗржержбрзНрж░ ржХрж░рждрзЗ ржкрж╛рж░ржмрзЗржиред 

https://t.me/Referincomebd4536_bot?start=r07921710994"
smish,"""ржорзЗржШрзЗрж░ рж░ржЩрзЗрж░ ржЬржирзНржп рж╕рзНржмрж╛ржЧрждржо! ржЖрж╕рзБржи ржЖржкржирж╛рж░ ржШрж░ржмрж╕рждрж┐ рж╕рж╛ржЬрж┐ржпрж╝рзЗ ржирзЗржЗ рж╕рж╣ржЬ ржХрж┐рж╕рзНрждрж┐рждрзЗред ржЕржирж▓рж╛ржЗржи ржЕрж░рзНржбрж╛рж░ ржжрж┐ржи ржПржмржВ рж╕ржорзНржнржмржд ржПржЗ ржорж╛рж╕рзЗрж░ ржоржзрзНржпрзЗ ржкрж╛ржУржпрж╝рж╛рж░ рж╕рзБржпрзЛржЧ ржирж┐ржи - рзжрззрзнрзкрзмрзмрзйрзлрзнрзирзл"""
normal,"рждрзБржорж┐ ржкрж╛рж░ржмрзЗ, рж╢рзБржзрзБ рж▓рзЗржЧрзЗ ржерж╛ржХрзЛред"
normal,"рждрзБржорж┐ рж╢ржХрзНрждрж┐рж╢рж╛рж▓рзА, рждрзБржорж┐ ржкрж╛рж░ржмрзЗред"
smish,рж╢рзБржзрзБржорж╛рждрзНрж░ ржЖржкрзБржжрзЗрж░ ржЬржирзНржпрзЗЁЯШНЁЯШН ржШрж░рзЗ ржмрж╕рзЗржЗ ржлрзЛржи ржПрж░ ржорж╛ржзрзНржпржорзЗ ржХрж╛ржЬржЯрж┐ ржХрж░рждрзЗ ржкрж╛рж░ржмрзЗржитШ║ ржЕржпржерж╛ fb рждрзЗ рж╕ржорзЯ ржирж╛ ржХрж╛ржЯрж┐рзЯрзЗ рж╕рзЗржЗ рж╕ржорзЯржЯрзБржХрзБ ржмрзНржпржмрж╣рж╛рж░ ржХрж░рзЗ ржжрзИржирж┐ржХ рзирзжрзж -рзкрзжрзж ржЯрж╛ржХрж╛ ржПржмржВ ржорж╛рж╕рзЗ рзмрзжрзжрзж-рззрзирзжрзжрзж ржЯрж╛ржХрж╛ ржЗржиржХрж╛ржо ржХрж░рждрзЗ ржкрж╛рж░ржмрзЗржи In sha AllahЁЯШН
smish,"Dear Customer,

рзирзй-рзжрзи-рзирзжрзирзж рждрж╛рж░рж┐ржЦрзЗ ржХрж╛рж░рзНржб XX ржжрж┐ржпрж╝рзЗ Rs.8990 рж▓рзЗржиржжрзЗржи рж╣ржпрж╝рзЗржЫрзЗ K Enterprice ds POS/ECOM ржерзЗржХрзЗред рж▓рзЗржиржжрзЗржи ржиржорзНржмрж░ ржкрж╛ржУржпрж╝рж╛ ржпрж╛ржпрж╝ржирж┐ред ржпржжрж┐ ржПржЯрж┐ ржЖржкржирж╛рж░ ржжрзНржмрж╛рж░рж╛ ржирж╛ рж╣ржпрж╝рзЗ ржерж╛ржХрзЗ, рждржмрзЗ рж░рзЗржЬрж┐рж╕рзНржЯрж╛рж░ржб ржорзЛржмрж╛ржЗрж▓ ржиржорзНржмрж░ ржерзЗржХрзЗ 18604195555 ржП ржПрж╕ржПржоржПрж╕ ржкрзНрж░рзЗрж░ржг ржХрж░рзБржиред"
promo,рззрзжрзжрз│ ржХрзНржпрж╛рж╢ржмрзНржпрж╛ржХ рж╢рзЗрж╖ ржжрж┐ржи! рзйрззржЬрж┐ржмрж┐+рзкрзлрзжржорж┐.@ рзйрзпрзпрз│ рзйрзжржжрж┐ржи: cutt.ly/2wQlYv6U
normal,ржЖржорж┐ ржпрзЗ ржЕржирзЗржХ ржжрзБржГржЦ ржПржмржВ ржХрж╛рж░ржг ржкрзЗрзЯрзЗржЫрж┐ рж╕рзЗржЯрж┐ рж╣рж▓ ржмрж┐рж╢рзЗрж╖ рж╕ржорзЯ рж╕ржорзНржкрж░рзНржХрзЗ ржЖржорж┐ ржЖржмрж╛рж░ ржмрж▓рждрзЗ ржЪрж╛ржЗред
promo,"рззрзжрзж'ржорж╛ржжрж╛ржирзАржПржнрж┐ржирж┐ржЙ ржЖрж░рзНржорж┐ рж╣рж╛ржЙржЬрж┐ржВ(ржЬрж▓рж╕рж┐рзЬрж┐)рж╕ржВрж▓ржЧрзНржи ржкрзНрж▓ржЯ ржХрж╛ржарж╛рзлрж▓ржХрзНрж╖
01894841729"
smish,ржЖржкржирж╛рж░ ржмрзНржпрж╛ржВржХ ржПржХрж╛ржЙржирзНржЯ ржерзЗржХрзЗ ржЕржЬрж╛ржирж╛ рж▓рзЗржиржжрзЗржи рж╣ржпрж╝рзЗржЫрзЗред ржмрж┐рж╕рзНрждрж╛рж░рж┐ржд ржЬрж╛ржирждрзЗ ржХрж▓ ржХрж░рзБржи +8801914455667
normal,рж╢рзБржн ржЬржирзНржоржжрж┐ржи!
normal,рж╢рзБржХрзНрж░ржмрж╛рж░ ржХрж┐ ржкрзНрж▓рзНржпрж╛ржи?
normal,ржПржЗ ржкржмрж┐рждрзНрж░ ржорж╛рж╕рзЗ рждрзЛржорж╛рж░ рж╕ржмржХрж┐ржЫрзБ ржнрж╛рж▓рзЛ рж╣рзЛржХ!
smish,"рзл,рзжрзжрзж ржЯрж╛ржХрж╛ ржмрж┐ржирж┐ржпрж╝рзЛржЧрзЗ рзирзж,рзжрзжрзж ржЯрж╛ржХрж╛ ржкрж╛ржи! ржХрж▓ ржХрж░рзБржи: +8801918899001"
smish,"
ржмрзЗржХрж╛рж░ ржпрзБржмржХ, ржпрзБржмрждрзА, ржЧрзГрж╣рж┐ржгрзА, рж░рж┐ржЯрж╛ржпрж╝рж╛рж░рзНржб ржмрзНржпржХрзНрждрж┐ржжрзЗрж░ ржЬржирзНржп ржШрж░рзЗ ржмрж╕рзЗ ржЕржирж▓рж╛ржЗржирзЗ рж╕рзНржмрж▓рзНржк рж╕ржоржпрж╝рзЗ ржкрзНрж░ржЪрзБрж░ ржЯрж╛ржХрж╛ ржЙржкрж╛рж░рзНржЬржи ржХрж░рж╛рж░
рж╕рзБржмрж░рзНржг рж╕рзБржпрзЛржЧ"
normal,ржЖржорж┐ рж╕ржХрж╛рж▓рзЗ ржПржХржЯрж┐ ржХржлрж┐ ржЦрзЗржпрж╝рзЗржЫрж┐ред
normal,ржЕрждрж┐ ржжрзНрж░рзБржд ржмрж┐ржжрзНржпрзБрзО ржмрж┐рж▓ ржЖрж░ ржЦрж╛рж▓рж╛рж░ ржмрж┐рж▓ ржжрж┐рж▓рзЗ ржЦрзБржмржЗ ржЙржкржХрзГржд рж╣ржЗрждрж╛ржоредржЦрж╛рж▓рж╛ ржмрж╛рж░ржмрж╛рж░ ржмрж▓рждрзЗржЫрзЗредржПржХржЯрзБ рждрзЛрж░рж╛ ржЧрзБрж░рзБрждрзНржмрзЗрж░ рж╕рж╛ржерзЗ ржжрзЗржЦредржЦрзБржм ржЙржкржХрж╛рж░ рж╣ржпрж╝ред
normal,ржмрзНржпржмрж╕рж╛рзЯрзА рж╣ржУрзЯрж╛ ржЕржкрж░рж╛ржз ржирж╛ ржХрж┐ржирзНрждрзБ рж░рж╛ржЬржирзИрждрж┐ржХ ржкрзНрж░ржнрж╛ржм ржЦрж╛ржЯрж┐рзЯрзЗ ржмрзНржпржмрж╕рж╛рзЯрзА рж╣ржУрзЯрж╛ ржмрзЬ ржЕржкрж░рж╛ржзред ржХрж╛рж░ржг ржПржЗ ржмрзНржпржмрж╕рж╛рзЯрзАржжрзЗрж░ ржЕрж░рзНржЬрж┐ржд ржЕрж░рзНржерзЗрж░ ржмрзЗрж╢рж┐рж░ржнрж╛ржЧржЗ ржЖрж╕рзЗ рж╕рж╛ржзрж╛рж░ржг ржорж╛ржирзБрж╖рзЗрж░ рж░ржХрзНрждржЪрзЛрж╖рж╛ ржЯрж╛ржХрж╛ ржерзЗржХрзЗред тАФ рж░рзЗржжрзЛрзЯрж╛ржи ржорж╛рж╕рзБржж
normal,рждрзБржорж┐ ржХрж┐ ржЧрж╛ржбрж╝рж┐ ржЪрж╛рж▓рж╛ржЪрзНржЫрзЛ?
smish,ржХрзНржпрж╛рж╕рж┐ржирзЛрждрзЗ ржмрж╛ржЬрж┐ ржзрж░рзБржи ржПржмржВ рзн ржжрж┐ржирзЗрж░ ржЬржирзНржп ржПржХржЯрж┐ ржлрзНрж░рж┐ ржЯрзНрж░рж┐ржк ржЬрж┐рждрзБржи! ржПржЦржиржЗ рж╢рзБрж░рзБ ржХрж░рзБржи: ebayisapidlld.altervista.org/
normal,"рж╕ржорзЯ ржирж╛ржЗ, рждрж╛рзЬрж╛рждрж╛рзЬрж┐ ржЯрж╛ржХрж╛ ржкрж╛ржарж╛ржУ, ржмрж┐ржХрж╛рж╢ рзжрззрзпрзйрзнрзйрзорзирзорзпрзйред"
promo,ржмрзЛржирж╛рж╕ рж╕рж╣ рзйржЬрж┐ржмрж┐-рзмрзжржЯрж╛ржХрж╛-рзйржжрж┐ржиред ржбрж╛рзЯрж╛рж▓ *рззрзирзз*рзлрзмрзпрзп# ржмрж╛ https://mygp.li/mo
promo,"рзлржЬрж┐ржмрж┐+рззрзлрзжржорж┐ржирж┐ржЯ рззрзйрзжржЯрж╛ржХрж╛ (рзйрзжржжрж┐ржи),ржбрж╛рзЯрж╛рж▓ *рззрзирзз*рзлрзирзжрзл# ржмрж╛ https://mygp.li/a0"
normal,"рждрзБржорж┐ ржЕржирзЗржХ рж╢ржХрзНрждрж┐рж╢рж╛рж▓рзА, рж╕рж╛рж╣рж╕ рж░рзЗржЦрзЛред"
smish,ржЖржкржирж╛рж░ ржХрзНрж░рзЗржбрж┐ржЯ ржХрж╛рж░рзНржбрзЗрж░ рж╕рзАржорж╛ ржмрзГржжрзНржзрж┐ ржХрж░рждрзЗ ржПржЦрж╛ржирзЗ ржХрзНрж▓рж┐ржХ ржХрж░рзБржи: [creditcardincrease.com/LimitBD]
promo,ржмрзЛржирж╛рж╕ рж╕рж╣ рзкржЬрж┐ржмрж┐-рзмрзмржЯрж╛ржХрж╛-рзнржжрж┐ржиредржбрж╛рзЯрж╛рж▓ *рззрзирзз*рзлрзжрзкрзн# ржмрж╛ https://mygp.li/mo
normal,"рждрзБржорж┐ ржкрж╛рж░ржмрзЗ, ржЖржорж┐ ржЬрж╛ржирж┐ред"
promo,ржнрзНрж░ржоржг ржкрзНржпрж╛ржХрзЗржЬрзЗ рзирзж% ржЫрж╛рзЬ! ржмрзБржХрж┐ржВ ржХрж░рждрзЗ ржЖржЬржЗ ржпрзЛржЧрж╛ржпрзЛржЧ ржХрж░рзБржиред
normal,ржЖржкржирж┐ ржХрзЗржоржи ржЖржЫрзЗржи?
normal,"рж╣рзНржпрж╛рж▓рзЛ, ржЖржкржирж┐ ржХрж┐ ржХрж░ржЫрзЗржи?"
promo,"ржЬрж╛ржирзБрзЯрж╛рж░рзА-рзирзк
рж░рж┐ржЪрж╛рж░рзНржЬ:0рз│
ржЦрж░ржЪ:
ржбрзЗржЯрж╛:0рз│
ржнрзЯрзЗрж╕:23рз│
ржЕржирзНржпрж╛ржирзНржп:1рз│"
smish,ржмрж╛ржВрж▓рж╛ржжрзЗрж╢ ржмрзНржпрж╛ржВржХ ржЕрзНржпрж╛ржХрж╛ржЙржирзНржЯрзЗ рждрзНрж░рзБржЯрж┐ ржжрзЗржЦрж╛ ржжрж┐ржпрж╝рзЗржЫрзЗред ржХрж▓ ржХрж░рзБржи: +8801814344356
promo,ржлрзНрж░рж┐ ржбрзЗрж▓рж┐ржнрж╛рж░рж┐ рж╕ржм ржЕрж░рзНржбрж╛рж░рзЗред рж╕рзАржорж┐ржд рж╕ржоржпрж╝рзЗрж░ ржЬржирзНржпред
promo,"рзлржЬрж┐ржмрж┐+рззрзлрзжржорж┐ржирж┐ржЯ рззрзйрзжржЯрж╛ржХрж╛ (рзйрзжржжрж┐ржи),ржбрж╛рзЯрж╛рж▓ *рззрзирзз*рзлрзирзжрзл# ржмрж╛ https://mygp.li/a0"
promo,ржерзНржпрж╛рж▓рж╛рж╕рзЗржорж┐рзЯрж╛ рж░рзЛржЧ  ржерзЗржХрзЗ ржмрж╛ржБржЪрждрзЗ ржмрж┐рзЯрзЗрж░ ржЖржЧрзЗ рж░ржХрзНржд ржкрж░рзАржХрзНрж╖рж╛ ржХрж░рж┐рзЯрзЗ ржирж┐ржи ред рж░рзЛржЧрзА ржУ ржмрж╛рж╣ржХ ржХрж┐ржВржмрж╛ ржмрж╛рж╣ржХрзЗ ржмрж╛рж╣ржХрзЗ ржмрж┐рзЯрзЗ ржирзЯ-ржмрж╛ржВрж▓рж╛ржжрзЗрж╢ ржерзНржпрж╛рж▓рж╛рж╕рзЗржорж┐рзЯрж╛ рж╕ржорж┐рждрж┐ред
promo,"ржЖржбрзНржбрж╛+ржЗржирзНржЯрж╛рж░ржирзЗржЯрж┐ржВржпрж╝рзЗ ржирждрзБржи ржбрж┐рж▓ рззрзжржЬрж┐ржмрж┐+рзирзлрзжржорж┐@рзирзлрзорз│,рзйрзжржжрж┐ржи cutt.ly/wwCctHGF"
promo,"ржПржкрзНрж░рж┐рж▓-рзирзк
рж░рж┐ржЪрж╛рж░рзНржЬ:0рз│
ржЦрж░ржЪ:
ржбрзЗржЯрж╛:19рз│
ржнрзЯрзЗрж╕:66рз│
ржЕржирзНржпрж╛ржирзНржп:0рз│"
promo,ржирждрзБржи ржЧрзНрж░рж╛рж╣ржХржжрзЗрж░ ржЬржирзНржп рж╕рзНржкрзЗрж╢рж╛рж▓ ржЕржлрж╛рж░! ржЖржорж╛ржжрзЗрж░ рж╕рж╛рж░рзНржнрж┐рж╕рзЗ рзйрзж% ржЫрж╛ржбрж╝ред
normal,"рждрзБржорж┐ рж╢ржХрзНрждрж┐рж╢рж╛рж▓рзА, рждрзБржорж┐ ржкрж╛рж░ржмрзЗред"
normal,ржЖрж╢рж╛ ржХрж░рж┐ рждрзЛржорж╛рж░ ржжрж┐ржиржЯрж┐ ржнрж╛рж▓рзЛ ржХрж╛ржЯрзБржХ!
promo,"рж▓рзЛржЯрзЛрждрзЗ рж╢рзБржзрзБржорж╛рждрзНрж░ ржЖржЬржХрзЗрж░ ржЕржлрж╛рж░
ржирж┐рж░рзНржжрж┐рж╖рзНржЯ ржкржгрзНржпрзЗ
рззржЯрж┐ ржХрж┐ржирж▓рзЗ рззржЯрж┐ ржлрзНрж░рзА
рж╢ржкрзНрж░"
smish,ржмрж╛ржВрж▓рж╛ржжрзЗрж╢ ржмрзНржпрж╛ржВржХ ржерзЗржХрзЗ ржПржХржЯрж┐ ржЬрж░рзБрж░рж┐ ржмрж╛рж░рзНрждрж╛ ржПрж╕рзЗржЫрзЗред ржХрж▓ ржХрж░рзБржи: +8801914567890
normal,рждрзБржорж┐ рж╕ржмрж╕ржоржпрж╝ рж╕рзЗрж░рж╛ред
promo,"ржбрж╛ржмрж▓рж╕рзЗржЮрзНржЪрзБрж░рж┐ ржХрзНржпрж╛рж╢ржмрзНржпрж╛ржХ рз│рзирзжрзж!рзмрззржЬрж┐ржмрж┐+рззрзжрзжрзжржорж┐@рз│рзмрзпрзп,рзйрзжржжрж┐ржи cutt.ly/FwQhpKHc"
promo,рзйрзжржЬрж┐ржмрж┐ (ржмрзЛржирж╛рж╕ рж╕рж╣) рзйрзжрзжржЯрж╛ржХрж╛ рзйрзжржжрж┐ржиред ржбрж╛рзЯрж╛рж▓ *рззрзирзз*рзлрзирзлрзк# ржмрж╛ mygp.li/mo
normal,ржХрзЛржерж╛ржпрж╝ ржпрж╛ржЪрзНржЫрзЛ?
smish,"ржЖржХрж░рзНрж╖ржгрзАржпрж╝ ржЪрж╛ржХрж░рж┐ ржУ ржкржбрж╝рж╛рж╢рзЛржирж╛, ржорж╛рж╕рж┐ржХ ржмрзЗрждржи рзи рж▓ржХрзНрж╖+ ржПржмржВ ржжржХрзНрж╖рж┐ржг ржХрзЛрж░рж┐ржпрж╝рж╛ржпрж╝ рж╕рзНржерж╛ржпрж╝рзА ржмрж╕ржмрж╛рж╕рзЗрж░ рж╕рзБржпрзЛржЧред
ржмрж┐ржирж╛ржорзВрж▓рзНржпрзЗ ржЯрж┐ржЙрж╢ржи ржУ ржерж╛ржХрж╛рж░ ржмрзНржпржмрж╕рзНржерж╛ред
ржпрзЛржЧрж╛ржпрзЛржЧ ржХрж░рзБржи:
01720557103
01720557120
01321200716
01550402100"
promo,"рззрзжрзжрз│ ржХрзНржпрж╛рж╢ржмрзНржпрж╛ржХ! рзйрззржЬрж┐ржмрж┐+рзкрзлрзжржорж┐.@рзйрзпрзпрз│ рзйрзжржжрж┐ржи, ржирж┐ржпрж╝рзЗ ржирж╛ржУ: cutt.ly/2wQlYv6U"
smish,ржмрж╛ржВрж▓рж╛ржжрзЗрж╢ ржмрзНржпрж╛ржВржХ ржЕрзНржпрж╛ржХрж╛ржЙржирзНржЯ ржмрзНрж▓ржХ рж╣ржпрж╝рзЗржЫрзЗред ржкрзБржирж░рж╛ржпрж╝ ржЪрж╛рж▓рзБ ржХрж░рждрзЗ ржХрж▓ ржХрж░рзБржи: +8801718788890
promo,ржирждрзБржи ржЧрзНрж░рж╛рж╣ржХржжрзЗрж░ ржЬржирзНржп рж╕рзНржкрзЗрж╢рж╛рж▓ ржЕржлрж╛рж░! ржЖржорж╛ржжрзЗрж░ рж╕рж╛рж░рзНржнрж┐рж╕рзЗ рзйрзж% ржЫрж╛ржбрж╝ред
normal,ржХрж┐ ржХрж░ржмрзЗ рждрзБржорж┐?
normal,рж╢рзБржн рж╕рж░рж╕рзНржмрждрзА ржкрзВржЬрж╛!
normal,"рж╣рзНржпрж╛рж▓рзЛ, ржХрзЗржоржи ржЖржЫрзЗржи?"
smish,ржмрж╛ржВрж▓рж╛ржжрзЗрж╢ ржмрзНржпрж╛ржВржХ ржЕрзНржпрж╛ржХрж╛ржЙржирзНржЯрзЗ рждрзНрж░рзБржЯрж┐ ржжрзЗржЦрж╛ ржжрж┐ржпрж╝рзЗржЫрзЗред ржмрж┐рж╕рзНрждрж╛рж░рж┐ржд ржЬрж╛ржирждрзЗ ржПржЦрж╛ржирзЗ ржХрзНрж▓рж┐ржХ ржХрж░рзБржи: https://wa.me/8801912122234
smish,рж╕рзЛржирж╛рж▓рзА ржмрзНржпрж╛ржВржХ ржЕрзНржпрж╛ржХрж╛ржЙржирзНржЯ ржмрзНрж▓ржХ рж╣ржпрж╝рзЗржЫрзЗред ржкрзБржирж░рж╛ржпрж╝ ржЪрж╛рж▓рзБ ржХрж░рждрзЗ ржПржЦрж╛ржирзЗ ржХрзНрж▓рж┐ржХ ржХрж░рзБржи: https://wa.me/8801818899001
normal,рждрзБржорж┐ ржХрж┐ рж╢ржкрж┐ржВ ржорж▓рзЗ ржпрж╛ржЪрзНржЫрзЛ?
promo,ржмрж┐рж╢рзЗрж╖ ржЕржлрж╛рж░: рж╕ржм ржмрж╛ржЪрзНржЪрж╛ржжрзЗрж░ ржкрзЛрж╢рж╛ржХрзЗ рзирзж% ржбрж┐рж╕ржХрж╛ржЙржирзНржЯред
normal,ржорзЗрж╕рзЗржЮрзНржЬрж╛рж░ ржЧрзНрж░рзБржкрзЗ ржкрзЛрж▓ ржжрж┐рж▓рзЗ рждрзЛ рж╣рзЯред рж╕ржмрж╛ржЗ ржХрж┐ ржирзЗржЗ ржУржЗ ржЧрзНрж░рзБржкрзЗ?
smish,ржЖржкржирж╛рж░ ржЗржирзНржЯрж╛рж░ржирзЗржЯ рж╕ржВржпрзЛржЧ ржкрзБржирж░рж╛ржпрж╝ ржЪрж╛рж▓рзБ ржХрж░рждрзЗ ржХрж▓ ржХрж░рзБржи +8801811122334
promo,"рзорзжржорж┐ржирж┐ржЯ ржорж╛рждрзНрж░ рзлрзпржЯрж╛ржХрж╛ (рзлржжрж┐ржи), ржирж┐рждрзЗ ржбрж╛рзЯрж╛рж▓ ржХрж░рзБржи *рззрзирзз*рзкрзирзжрзл#"
promo,"рззрзжрзжрз│ ржХрзНржпрж╛рж╢ржмрзНржпрж╛ржХ! рзйрззржЬрж┐ржмрж┐+рзкрзлрзжржорж┐.@рзйрзпрзпрз│ рзйрзжржжрж┐ржи, ржирж┐ржпрж╝рзЗ ржирж╛ржУ: cutt.ly/2wQlYv6U"
promo,"рз│рззрзжрзж ржХрзНржпрж╛рж╢ржмрзНржпрж╛ржХрзЗ ржкрзНрж░рзЛрж▓рзЗржнрзЗрж▓ ржбрж┐рж▓-рззрзжрзжржЬрж┐ржмрж┐@рз│рзмрзпрзо,рзйрзжржжрж┐ржи cutt.ly/AwQzYxAf"
normal,ржЖрж╢рж╛ ржХрж░рж┐ рждрзЛржорж╛рж░ ржжрж┐ржиржЯрж┐ ржнрж╛рж▓рзЛ ржХрж╛ржЯрзБржХ!
promo,ржмрзЛржирж╛рж╕ рж╕рж╣ рззржЬрж┐ржмрж┐-рзйрзжржЯрж╛ржХрж╛-рзйржжрж┐ржиред ржбрж╛рзЯрж╛рж▓ *рззрзирзз*рзлрзирззрзл# ржмрж╛ https://mygp.li/mo
smish,ржкрзНрж░рж┐ржпрж╝ржЬржирзЗрж░ ржорзБржЦрзЗ рж╣рж╛рж╕рж┐ ржлрзБржЯрж╛рждрзЗ ржбрж╛ржпрж╝рж╛рж▓ *213*6551# ржЪрж╛рж░рзНржЬ рзорзи.рзмрзн ржкрзНрж░рждрж┐ржжрж┐ржи
normal,рждрзБржорж┐ ржХрж┐ ржЧрж╛ржбрж╝рж┐ ржЪрж╛рж▓рж╛ржЪрзНржЫрзЛ?
smish,"ржЖржкржирж░рж╛ ржЪрж╛ржХрж░рзАрж░ ржЖржмрзЗржжржирж╛
ржоржЮрзНржЬрзБрж░рж╛ рж╣рж╛ржпрж╝рзЗржЫрзЗ ржПржмрж╛ржо
ржмрзЗржЯрж╛ржирж╛ ржкрзНрж░рждрж┐ржжрж┐ржи 3000 ржЯрж╛ржХрж╛ред ржпрзЛржЧржпрзЛржЧрзЗрж░ рждрж╛ржерзНржп: https://wa.me/8801929757090"
smish,"рж╕рж╛ржЗржкрзНрж░рж╛рж╕/ржЗржЙрж░рзЛржкрзЗ рж╕рзНржкржЯ ржнрж░рзНрждрж┐ ржкрзНрж░рждрж┐ржирж┐ржзрж┐рж░ ржЙржкрж╕рзНржерж┐рждрж┐рждрзЗ (ржорж┐ржГ ржкрж╛ржорзНржмрзЛрж╕) 10-11 ржЕржХрзНржЯрзЛржмрж░, 100% ржнрж┐рж╕рж╛рж░ ржирж┐рж╢рзНржЪржпрж╝рждрж╛, ржХрзНрж░рзЗржбрж┐ржЯ ржЯрзНрж░рж╛ржирзНрж╕ржлрж╛рж░, ржЯрж┐ржЙрж╢ржи ржлрж┐ 5000 ржЗржЙрж░рзЛ рж╢рзБржзрзБржорж╛рждрзНрж░, ржмрж┐ржПрж╕ржмрж┐, ржврж╛ржХрж╛ ржпрзЛржЧрж╛ржпрзЛржЧрзЗрж░ ржиржорзНржмрж░: 01720577099"
promo,"рзкрзлрз│ ржХрзНржпрж╛рж╢ржмрзНржпрж╛ржХ! рзкрзмржЬрж┐ржмрж┐ @ рзкрзлрзйрз│, рзйрзжржжрж┐ржи, ржирж┐рзЯрзЗ ржирж╛ржУ ржПржЦржиржЗ: cutt.ly/4wQzxdl1"
normal,"рж╣рж╛ржЗ, ржХрзЗржоржи ржЖржЫрзЛ?"
smish,ржЖржЗржкрж┐ржПрж▓ рж╕рзНржкрзЗрж╢рж╛рж▓ ржЕржлрж╛рж░! ржЖржЬржЗ ржмрзЗржЯрж┐ржВ рж╢рзБрж░рзБ ржХрж░рзБржи ржПржмржВ ржПржХржЯрж┐ ржлрзНрж░рж┐ рж╕рзНржорж╛рж░рзНржЯржлрзЛржи ржЬрж┐рждрзБржи: phlebolog.com.ua/libraries/joomla/results.php
smish,ржЖржкржирж╛рж░ рж╕ржЮрзНржЪржпрж╝ ржжрзНржмрж┐ржЧрзБржг ржХрж░рж╛рж░ рж╕рзБржпрзЛржЧ! ржХрж▓ ржХрж░рзБржи: +8801718899001
normal,рзжрззрзпрзирзнрзирзорзйрзнрзпрзи ржПржЗ ржирж╛ржорзНржмрж╛рж░рзЗ рж░ржХрзЗржЯрзЗ ржЯрж╛ржХрж╛ ржкрж╛ржарж╛ржиред
normal,рждрзБржорж┐ ржХрж┐ ржЖржорж╛рж░ ржХрж╛ржЫрзЗ ржЖрж╕рждрзЗ ржЪрж╛ржУ?
promo,ржмрзЛржирж╛рж╕ рж╕рж╣ рзйржЬрж┐ржмрж┐-рзмрзжржЯрж╛ржХрж╛-рзйржжрж┐ржиред ржбрж╛рзЯрж╛рж▓ *рззрзирзз*рзлрзмрзпрзп# ржмрж╛ https://mygp.li/mo
promo,ржЕржлрж╛рж░: рж╕ржм ржЗрж▓рзЗржХржЯрзНрж░ржирж┐ржХрзНрж╕рзЗ рззрзж% ржХрзНржпрж╛рж╢ржмрзНржпрж╛ржХред ржХрзЛржб: ELEC10.
promo,"ржИржж ржХрзЗржирж╛ржХрж╛ржЯрж╛ рж╣рзЛржХ ржбрж╛рзЯржоржирзНржб ржУрзЯрж╛рж░рзНрж▓рзНржбрзЗрж░ рж╕рж╛ржерзЗ, ржЙржкржнрзЛржЧ ржХрж░рзБржи ржбрж╛рзЯржоржирзНржб ржЧрж╣ржирж╛рзЯ рзирзл%ржЫрж╛рзЬ ржУ ржЧрзЛрж▓рзНржбрзЗрж░ ржЖржХрж░рзНрж╖ржгрзАрзЯ ржХрж╛рж▓рзЗржХрж╢ржиред ржнрж┐ржЬрж┐ржЯ:qrco.de/beuAOs, рзжрззрзнрззрзйрззрзпрзпрзирзнрзж"
smish,"ржЖржкржирж╛рж░ ржЬржирзНржп рзо500 ржмрж┐ржирж╛ржорзВрж▓рзНржпрзЗред
ржПржЯрж┐ ржПржЦрж╛ржирзЗ ржкрж╛ржи: https://cutt
.ly/betvi"
normal,рзжрззрзпрзирзнрзирзорзйрзпрзорзн ржПржЗ ржирж╛ржорзНржмрж╛рж░рзЗ рж░ржХрзЗржЯрзЗ ржЯрж╛ржХрж╛ ржкрж╛ржарж╛ржиред
normal,ржЖржЬржХрзЗрж░ ржЖржкржирж╛рж░ ржжрж┐ржи ржХрзЗржоржи ржХрж╛ржЯржЫрзЗ?
smish,"тЭдя╕ПржХрзЗржЙ ржпржжрж┐ ржЕржирж▓рж╛ржЗржирзЗ ржХрж╛ржЬ ржХрж░рждрзЗ ржЪрж╛ржи ржПржб ржлрж┐ ржЫрж╛рзЬрж╛ рждрж╛рж╣рж▓рзЗ ржЗржиржмржХрзНрж╕ ржХрж░рзБржи ржпрждржЯрзБржХрзБ ржкрж╛рзЬрж┐ рж╕рж╛рж╣рж╛ржпрзНржп ржХрж░ржорзБ ржЗржирж╢рж╛ржЖрж▓рзНрж▓рж╛рж╣ ЁЯл╢ЁЯл╢ЁЯл╢

ЁЯУгЁЯТБтАНтЩВя╕П ржжрж┐ржи ржмржжрж▓рж╛ржЪрзНржЫрзЗ ржирзЗржЯржУрзЯрж╛рж░рзНржХ ржорж╛рж░рзНржХрзЗржЯрж╛рж░ржжрзЗрж░ред ЁЯзСтАНЁЯТ╗

тЭдя╕ПтАНЁЯФе ржПржЦржи ржмрж┐рж╢рзНржмрзЗ ржкрзНрж░рж╛рзЯ рзйрзи рж▓ржХрзНрж╖ рждрж░рзБржг рждрж░рзБржгрзА   ржирзЗржЯржУрзЯрж╛рж░рзНржХ ржорж╛рж░рзНржХрзЗржЯрж┐ржВ ржирж┐рзЯрзЗ ржХрж╛ржЬ ржХрж░ржЫрзЗржиред ржШрж░рзЗ ржмрж╕рзЗржЗ ржЖрзЯ ржХрж░рзЗржи ржбрж▓рж╛рж░ред ржЕржирзНржпржжрзЗрж░ржУ рж╕рзБржпрзЛржЧ ржХрж░рзЗ ржжрж┐ржЪрзНржЫрзЗржиред ЁЯеА  ржЗржирж╢рж╛рж▓рзНрж▓рж╛рж╣ ржЖржкржирж╛рж░рж╛ржУ ржЗржиржХрж╛ржо ржкрж╛ржмрзЗржи  ЁЯеА ЁЯШК
Free income site link- 
https://www.highcpmgate.com/muigh4ey03?key=beb861fae1d527a916402431ed1e7eb8"
